uuid,depth,temperature,total_objects,concept,concept_rank,is_certain,phylum,class,order,family,genus,x,y,width,height
bc35cf0c-283c-48af-88f0-b2e2ac2d0279,1832.6800537109375,2.0,1,Bathyraja spinosissima,species,1,Chordata,Elasmobranchii,Rajiformes,Arhynchobatidae,Bathyraja,159,52,410,315
ebaab37a-a3a0-4354-87a6-904ce1f16b2b,1531.449951171875,2.38700008392334,1,Bathyraja abyssicola,species,1,Chordata,Elasmobranchii,Rajiformes,Arhynchobatidae,Bathyraja,143,80,320,250
d1d7c795-cc3b-4059-99a3-f1a7256bbcc1,1466.6099853515625,2.447999954223633,1,Pannychia,genus,1,Echinodermata,Holothuroidea,Elasipodida,Laetmogonidae,Pannychia,357,248,72,36
4141783d-2a0c-496d-a563-72c17abe9f09,1795.1300048828125,2.11299991607666,2,Pannychia moseleyi,species,1,Echinodermata,Holothuroidea,Elasipodida,Laetmogonidae,Pannychia,248,126,28,26
4141783d-2a0c-496d-a563-72c17abe9f09,1795.1300048828125,2.11299991607666,2,Bathyraja spinosissima,species,1,Chordata,Elasmobranchii,Rajiformes,Arhynchobatidae,Bathyraja,365,125,242,204
024b57e3-3fe4-44e2-8ca1-d5887632c162,1545.3800048828125,2.4000000953674316,7,Pterasteridae,genus,1,Echinodermata,Asteroidea,Velatida,N/A,Pteraster,286,260,46,30
024b57e3-3fe4-44e2-8ca1-d5887632c162,1545.3800048828125,2.4000000953674316,7,manipulator,unknown,1,N/A,N/A,N/A,N/A,N/A,314,0,220,227
024b57e3-3fe4-44e2-8ca1-d5887632c162,1545.3800048828125,2.4000000953674316,7,polypropylene line,unknown,1,N/A,N/A,N/A,N/A,N/A,134,229,62,107
024b57e3-3fe4-44e2-8ca1-d5887632c162,1545.3800048828125,2.4000000953674316,7,equipment,unknown,1,N/A,N/A,N/A,N/A,N/A,535,0,184,144
024b57e3-3fe4-44e2-8ca1-d5887632c162,1545.3800048828125,2.4000000953674316,7,drawer,unknown,1,N/A,N/A,N/A,N/A,N/A,328,194,391,168
024b57e3-3fe4-44e2-8ca1-d5887632c162,1545.3800048828125,2.4000000953674316,7,Biology box,unknown,1,N/A,N/A,N/A,N/A,N/A,42,315,214,49
024b57e3-3fe4-44e2-8ca1-d5887632c162,1545.3800048828125,2.4000000953674316,7,equipment,unknown,1,N/A,N/A,N/A,N/A,N/A,243,247,63,118
718392e2-425d-4266-910b-1e76888e4653,1471.1400146484375,2.3399999141693115,3,Psathyrometra fragilis,species,1,Echinodermata,Crinoidea,Comatulida,Zenometridae,Psathyrometra,504,231,45,49
718392e2-425d-4266-910b-1e76888e4653,1471.1400146484375,2.3399999141693115,3,Macrouridae,family,1,Chordata,Teleostei,Gadiformes,Macrouridae,N/A,131,93,148,64
718392e2-425d-4266-910b-1e76888e4653,1471.1400146484375,2.3399999141693115,3,Psathyrometra fragilis,species,1,Echinodermata,Crinoidea,Comatulida,Zenometridae,Psathyrometra,544,280,28,33
0632ef53-e09f-4b0e-96f7-2a87d0816b76,1531.449951171875,2.384999990463257,1,Bathyraja abyssicola,species,1,Chordata,Elasmobranchii,Rajiformes,Arhynchobatidae,Bathyraja,89,87,408,202
49ab0849-5b50-416e-8352-a8974bd672f2,2402.050048828125,1.8079999685287476,1,Coryphaenoides,genus,1,Chordata,Teleostei,Gadiformes,Macrouridae,Coryphaenoides,182,0,62,133
63b763e9-d6c2-48ba-af02-c538c5314ed7,1545.489990234375,2.4010000228881836,6,Pterasteridae,genus,1,Echinodermata,Asteroidea,Velatida,N/A,Pteraster,19,102,134,73
63b763e9-d6c2-48ba-af02-c538c5314ed7,1545.489990234375,2.4010000228881836,6,Biology box,unknown,1,N/A,N/A,N/A,N/A,N/A,0,296,194,71
63b763e9-d6c2-48ba-af02-c538c5314ed7,1545.489990234375,2.4010000228881836,6,equipment,unknown,1,N/A,N/A,N/A,N/A,N/A,171,192,135,175
63b763e9-d6c2-48ba-af02-c538c5314ed7,1545.489990234375,2.4010000228881836,6,drawer,unknown,1,N/A,N/A,N/A,N/A,N/A,309,114,410,249
63b763e9-d6c2-48ba-af02-c538c5314ed7,1545.489990234375,2.4010000228881836,6,polypropylene line,unknown,1,N/A,N/A,N/A,N/A,N/A,0,148,61,179
63b763e9-d6c2-48ba-af02-c538c5314ed7,1545.489990234375,2.4010000228881836,6,manipulator,unknown,1,N/A,N/A,N/A,N/A,N/A,67,0,229,109
d8c29f5b-898d-4660-90d9-b6544d5da283,1470.1800537109375,2.4059998989105225,1,Psychrolutes phrictus,species,1,Chordata,Teleostei,Perciformes,Psychrolutidae,Psychrolutes,382,248,85,72
50b89c53-03e8-49cb-95b4-073c450a2695,2516.179931640625,1.8200000524520874,2,Coryphaenoides,genus,1,Chordata,Teleostei,Gadiformes,Macrouridae,Coryphaenoides,70,295,74,68
50b89c53-03e8-49cb-95b4-073c450a2695,2516.179931640625,1.8200000524520874,2,Porifera,phylum,1,Porifera,N/A,N/A,N/A,N/A,58,143,164,91
58bef40c-7c9f-4174-abe1-8f6522b2e905,1467.3299560546875,2.446000099182129,1,Coryphaenoides,genus,1,Chordata,Teleostei,Gadiformes,Macrouridae,Coryphaenoides,388,310,87,49
e57c6824-276f-4f21-b47c-cb160c2f76c5,1514.6099853515625,2.437000036239624,1,Coryphaenoides,genus,1,Chordata,Teleostei,Gadiformes,Macrouridae,Coryphaenoides,370,0,66,26
d4bd82ee-66f4-46c1-8e9c-66e331793a13,1519.0899658203125,2.4059998989105225,1,Poralia rufescens,species,1,Cnidaria,Scyphozoa,Semaeostomeae,Ulmaridae,Poralia,166,42,14,12
358f1390-960c-4aa4-8340-e2b27ab674e6,1518.800048828125,2.3980000019073486,1,Pannychia,genus,1,Echinodermata,Holothuroidea,Elasipodida,Laetmogonidae,Pannychia,235,160,149,52
ced793e4-1030-4df0-852c-affeb09c5134,2280.030029296875,1.843999981880188,1,Chrysogorgia pinnata,species,1,Cnidaria,Octocorallia,Scleralcyonacea,Chrysogorgiidae,Chrysogorgia,191,4,295,251
55d421b3-6ce7-449a-9e93-0ce23fefdb43,1541.56005859375,2.3929998874664307,1,Opisthoteuthis cf. californiana,species,0,Mollusca,Cephalopoda,Octopoda,Opisthoteuthidae,Opisthoteuthis,868,262,937,817
4a749950-b3e6-4435-b38e-5357a8c20497,2025.449951171875,1.975000023841858,1,Peniagone,genus,1,Echinodermata,Holothuroidea,Elasipodida,Elpidiidae,Peniagone,367,138,47,58
001c55a1-6a39-4f0b-8cba-70efa5b6ef0e,1539.02001953125,2.4660000801086426,1,Bathyraja spinosissima,species,1,Chordata,Elasmobranchii,Rajiformes,Arhynchobatidae,Bathyraja,225,69,305,173
7fc31450-04ee-405b-b5c8-79035947f3a9,2283.389892578125,1.847000002861023,1,Bathyraja microtrachys,species,1,Chordata,Elasmobranchii,Rajiformes,Arhynchobatidae,Bathyraja,456,153,58,65
13ef4af0-5308-48c8-8ab8-939fa705e2ff,2436.6201171875,1.7960000038146973,2,Synallactes,genus,1,Echinodermata,Holothuroidea,Synallactida,Synallactidae,Synallactes,234,415,42,55
13ef4af0-5308-48c8-8ab8-939fa705e2ff,2436.6201171875,1.7960000038146973,2,Hyalonema,genus,1,Porifera,Hexactinellida,Amphidiscosida,Hyalonematidae,Hyalonema,343,144,79,179
a5d12d4b-6e69-420b-9316-21951635d016,1518.5400390625,2.3959999084472656,1,Ceriantharia,order,1,Cnidaria,Hexacorallia,Ceriantharia,N/A,N/A,167,113,88,75
8e7f5a54-bbcc-4d26-8c30-e000df68f955,1542.300048828125,2.4600000381469727,3,Ceriantharia,order,1,Cnidaria,Hexacorallia,Ceriantharia,N/A,N/A,140,111,97,100
8e7f5a54-bbcc-4d26-8c30-e000df68f955,1542.300048828125,2.4600000381469727,3,Ceriantharia,order,1,Cnidaria,Hexacorallia,Ceriantharia,N/A,N/A,307,106,115,108
8e7f5a54-bbcc-4d26-8c30-e000df68f955,1542.300048828125,2.4600000381469727,3,Ceriantharia,order,1,Cnidaria,Hexacorallia,Ceriantharia,N/A,N/A,127,260,104,89
5626fa1a-5a2e-4394-89e6-30e74805d778,1550.219970703125,2.3919999599456787,1,Bathyraja spinosissima,species,1,Chordata,Elasmobranchii,Rajiformes,Arhynchobatidae,Bathyraja,164,168,378,106
8f39e373-a9c2-4976-a68e-ae72405befef,1469.9100341796875,2.4070000648498535,1,Psychrolutes phrictus,species,1,Chordata,Teleostei,Perciformes,Psychrolutidae,Psychrolutes,264,226,61,79
2bac7530-2e39-4547-a5ab-db12c0076ad6,1519.6600341796875,2.434000015258789,1,Psychrolutes phrictus,species,1,Chordata,Teleostei,Perciformes,Psychrolutidae,Psychrolutes,125,166,236,109
77632ec4-c383-4e3a-8efc-7c7186076b6d,2358.860107421875,1.850000023841858,1,Antimora microlepis,species,1,Chordata,Teleostei,Gadiformes,Moridae,Antimora,0,41,609,443
307c4254-ec92-4d7a-b3fc-4372cac695bb,1669.5899658203125,2.188999891281128,1,Paragorgia arborea,species,1,Cnidaria,Octocorallia,Scleralcyonacea,Coralliidae,Paragorgia,91,1,399,212
4e07dacc-7fe1-4573-82a4-bc30418243b0,2129.659912109375,1.934000015258789,1,Paragorgia arborea,species,1,Cnidaria,Octocorallia,Scleralcyonacea,Coralliidae,Paragorgia,125,164,308,177
6288cbef-b5b1-4e2e-9615-e86d9b9de704,1714.969970703125,2.1449999809265137,1,Antimora microlepis,species,1,Chordata,Teleostei,Gadiformes,Moridae,Antimora,208,123,90,55
19b92796-58d7-4bf6-8ea7-d5bf8c02705b,2468.0400390625,1.7970000505447388,1,Coryphaenoides,genus,1,Chordata,Teleostei,Gadiformes,Macrouridae,Coryphaenoides,184,429,77,48
1373a24a-8ed2-45c1-8912-f2ab053a25b4,1290.6400146484375,2.8510000705718994,2,Physonectae,suborder,1,Cnidaria,Hydrozoa,Siphonophorae,N/A,N/A,996,481,41,50
1373a24a-8ed2-45c1-8912-f2ab053a25b4,1290.6400146484375,2.8510000705718994,2,Physonectae,suborder,1,Cnidaria,Hydrozoa,Siphonophorae,N/A,N/A,1674,510,22,34
8c0419d9-b33e-4bce-8735-f64b422292c4,2406.320068359375,1.8250000476837158,2,Parantipathes,genus,1,Cnidaria,Hexacorallia,Antipatharia,Schizopathidae,Parantipathes,443,46,28,57
8c0419d9-b33e-4bce-8735-f64b422292c4,2406.320068359375,1.8250000476837158,2,Holothuroidea,class,1,Echinodermata,Holothuroidea,N/A,N/A,N/A,400,235,84,58
f5f3ac9a-6f5e-4534-9d9f-3d3c064753e6,1513.5799560546875,2.436000108718872,1,Opisthoteuthis cf. californiana,species,0,Mollusca,Cephalopoda,Octopoda,Opisthoteuthidae,Opisthoteuthis,452,11,247,247
27c55340-d38d-4ca2-8d85-de05c9d49b36,2252.070068359375,1.840000033378601,1,Peniagone,genus,1,Echinodermata,Holothuroidea,Elasipodida,Elpidiidae,Peniagone,142,85,31,47
b784d58d-9e6d-4d2c-9117-fad7801d8e57,1536.6800537109375,2.4560000896453857,1,Psychrolutes phrictus,species,1,Chordata,Teleostei,Perciformes,Psychrolutidae,Psychrolutes,173,71,159,294
8d63cda5-c646-4720-b6b0-9dbd98931686,2059.090087890625,1.9880000352859497,1,Bathyraja spinosissima,species,1,Chordata,Elasmobranchii,Rajiformes,Arhynchobatidae,Bathyraja,200,3,477,325
a83efd1c-3142-41f9-9e1e-8389ef953017,2045.510009765625,1.9809999465942383,1,Antimora microlepis,species,1,Chordata,Teleostei,Gadiformes,Moridae,Antimora,232,2,269,328
51acbdc8-70f9-4857-a2e5-645cc3e1c4ad,1474.31005859375,2.4089999198913574,1,Pannychia moseleyi,species,1,Echinodermata,Holothuroidea,Elasipodida,Laetmogonidae,Pannychia,428,82,47,37
b943bef6-2e8d-4766-b70f-df3e5f174e10,2295.4599609375,1.8619999885559082,2,Comatulida,order,1,Echinodermata,Crinoidea,Comatulida,N/A,N/A,175,70,39,43
b943bef6-2e8d-4766-b70f-df3e5f174e10,2295.4599609375,1.8619999885559082,2,Synallactes,genus,1,Echinodermata,Holothuroidea,Synallactida,Synallactidae,Synallactes,549,118,37,37
a30c7c5d-a56c-4a1e-a19f-e77a53819f07,2366.580078125,1.847000002861023,1,Macrouridae,family,1,Chordata,Teleostei,Gadiformes,Macrouridae,N/A,33,143,39,25
61e9a36f-372f-4784-b951-583ac44299c8,2364.22998046875,1.8509999513626099,1,Crossaster borealis,species,1,Echinodermata,Asteroidea,Valvatida,Solasteridae,Crossaster,154,274,291,204
0fbc3d47-206c-4546-b614-f2d9e2d91966,2292.949951171875,1.8660000562667847,1,Pannychia,genus,1,Echinodermata,Holothuroidea,Elasipodida,Laetmogonidae,Pannychia,100,114,88,186
763521d3-dfe9-4221-ad5c-40d110285b18,1829.510009765625,2.0280001163482666,3,Bathyraja spinosissima,species,1,Chordata,Elasmobranchii,Rajiformes,Arhynchobatidae,Bathyraja,171,209,160,124
763521d3-dfe9-4221-ad5c-40d110285b18,1829.510009765625,2.0280001163482666,3,Coryphaenoides,genus,1,Chordata,Teleostei,Gadiformes,Macrouridae,Coryphaenoides,74,85,42,47
763521d3-dfe9-4221-ad5c-40d110285b18,1829.510009765625,2.0280001163482666,3,Coryphaenoides,genus,1,Chordata,Teleostei,Gadiformes,Macrouridae,Coryphaenoides,302,144,90,53
cc6cb9aa-b3ac-4a20-a827-8cff61589319,2270.010009765625,1.840999960899353,1,Ceriantharia,order,1,Cnidaria,Hexacorallia,Ceriantharia,N/A,N/A,204,156,43,33
4508d313-082c-4c4d-b981-b6d0f194ef1f,825.0900268554688,3.697999954223633,1,Poralia rufescens,species,1,Cnidaria,Scyphozoa,Semaeostomeae,Ulmaridae,Poralia,727,607,84,83
40a3cdab-8638-4320-a507-aa42a4b10a0d,1549.8199462890625,2.3919999599456787,1,Bathyraja spinosissima,species,1,Chordata,Elasmobranchii,Rajiformes,Arhynchobatidae,Bathyraja,238,145,279,220
a28a684e-a2da-4139-a5ec-d51a3dcab2ce,1558.0,2.2820000648498535,1,Psychrolutes phrictus,species,1,Chordata,Teleostei,Perciformes,Psychrolutidae,Psychrolutes,248,102,364,139
cbec2932-30e5-45eb-b383-ee2f52fe38d3,1501.030029296875,2.3989999294281006,1,Coryphaenoides,genus,1,Chordata,Teleostei,Gadiformes,Macrouridae,Coryphaenoides,532,191,49,51
4bdbddcc-095a-4636-91b4-c500d3763781,1502.1400146484375,2.3910000324249268,1,Antimora microlepis,species,1,Chordata,Teleostei,Gadiformes,Moridae,Antimora,196,210,31,78
1a04e0ce-32b1-4f9b-84a2-74d439287f3c,1477.969970703125,2.4000000953674316,1,Pannychia moseleyi,species,1,Echinodermata,Holothuroidea,Elasipodida,Laetmogonidae,Pannychia,172,88,255,144
17dca085-0aa8-47c3-be60-b66c844d5778,2501.409912109375,1.7990000247955322,1,Hymenaster,genus,1,Echinodermata,Asteroidea,Velatida,Pterasteridae,Hymenaster,203,138,67,55
63dc7abd-52d3-432b-8166-00e6a849efb7,2324.909912109375,1.8609999418258667,1,Siphonophorae,order,1,Cnidaria,Hydrozoa,Siphonophorae,N/A,N/A,130,95,402,366
1a19cab1-342d-4a40-b1e2-f62e71c72b83,2027.25,1.968000054359436,1,Pteraster,genus,1,Echinodermata,Asteroidea,Velatida,Pterasteridae,Pteraster,303,311,15,16
a3675720-3de0-4429-a640-067eb8c9ea66,1670.1500244140625,2.188999891281128,1,Paragorgia arborea,species,1,Cnidaria,Octocorallia,Scleralcyonacea,Coralliidae,Paragorgia,0,1,719,364
eb3c3820-7268-419c-94f6-c46b0c6316a2,1519.1300048828125,2.3989999294281006,1,Antimora microlepis,species,1,Chordata,Teleostei,Gadiformes,Moridae,Antimora,237,191,197,133
3309ac00-6d03-4781-bd48-e9195341e17e,1544.5400390625,2.3919999599456787,2,Cystechinus giganteus,species,1,Echinodermata,Echinoidea,Holasteroida,Urechinidae,Cystechinus,194,274,33,28
3309ac00-6d03-4781-bd48-e9195341e17e,1544.5400390625,2.3919999599456787,2,Cystechinus giganteus,species,1,Echinodermata,Echinoidea,Holasteroida,Urechinidae,Cystechinus,347,247,36,28
7a6a340d-6d6b-4578-9b1b-62b7dc7d6385,1406.219970703125,2.5280001163482666,2,Physonectae,suborder,1,Cnidaria,Hydrozoa,Siphonophorae,N/A,N/A,272,112,209,47
7a6a340d-6d6b-4578-9b1b-62b7dc7d6385,1406.219970703125,2.5280001163482666,2,Physonectae,suborder,1,Cnidaria,Hydrozoa,Siphonophorae,N/A,N/A,271,146,47,12
405f9f17-9ecf-46ad-8590-44f967731c6b,2278.5,1.8459999561309814,1,Pteraster,genus,1,Echinodermata,Asteroidea,Velatida,Pterasteridae,Pteraster,157,96,400,205
6469e4c5-e5a2-4dab-89d9-d99ebee220f7,1721.8299560546875,2.171999931335449,1,Brisingida,order,1,Echinodermata,Asteroidea,Brisingida,N/A,N/A,92,149,38,29
974e8451-dcc3-4892-befd-e8b1d8bfd8fe,2451.8798828125,1.784999966621399,2,Caulophacus,genus,1,Porifera,Hexactinellida,Lyssacinosida,Rossellidae,Caulophacus,169,102,220,75
974e8451-dcc3-4892-befd-e8b1d8bfd8fe,2451.8798828125,1.784999966621399,2,Munidopsis,genus,1,Arthropoda,Malacostraca,Decapoda,Munidopsidae,Munidopsis,329,81,45,42
a520109b-ae85-4020-8c94-9e93a6adb291,1542.31005859375,2.375999927520752,1,Psychrolutes phrictus,species,1,Chordata,Teleostei,Perciformes,Psychrolutidae,Psychrolutes,118,241,422,205
b4fe74b2-b7f1-437d-8db1-a14a15497a2d,2277.81005859375,1.843999981880188,1,Pteraster,genus,1,Echinodermata,Asteroidea,Velatida,Pterasteridae,Pteraster,179,200,221,144
0e344f98-b318-4d4b-951d-fe560e85fbb9,1524.1800537109375,2.378999948501587,1,Pannychia,genus,1,Echinodermata,Holothuroidea,Elasipodida,Laetmogonidae,Pannychia,260,28,169,166
807ead0e-c26f-4fe9-b800-95fe3f62711f,2405.219970703125,1.8279999494552612,1,Hymenaster,genus,1,Echinodermata,Asteroidea,Velatida,Pterasteridae,Hymenaster,120,125,65,59
a8ef7273-acb4-408f-8742-b5bf9a7a2a6c,1713.8900146484375,2.1530001163482666,1,Hymenaster,genus,1,Echinodermata,Asteroidea,Velatida,Pterasteridae,Hymenaster,58,184,459,221
8c1d1d34-859b-4b8d-a69d-28cbbe621c92,2443.580078125,1.7960000038146973,1,Synallactes,genus,1,Echinodermata,Holothuroidea,Synallactida,Synallactidae,Synallactes,92,163,54,33
f535b1e8-38d7-4879-a999-20729f01c6f4,2305.760009765625,1.847000002861023,1,Synallactes,genus,1,Echinodermata,Holothuroidea,Synallactida,Synallactidae,Synallactes,495,109,32,29
0c64c3a1-9520-4ae8-9008-feea8a78d48a,2297.5,1.8530000448226929,1,Coryphaenoides,genus,1,Chordata,Teleostei,Gadiformes,Macrouridae,Coryphaenoides,123,358,80,69
a8fae901-6400-4f72-a88a-9293d9ee714e,2037.1300048828125,1.9800000190734863,1,Pteraster,genus,1,Echinodermata,Asteroidea,Velatida,Pterasteridae,Pteraster,297,128,64,61
39929331-e295-49a6-8b34-3b5dec7ee5f9,2455.300048828125,1.8209999799728394,1,Hymenaster,genus,1,Echinodermata,Asteroidea,Velatida,Pterasteridae,Hymenaster,355,126,144,102
04d688a8-3307-4091-be68-88e5cd809629,1496.75,2.390000104904175,4,Ophiuroidea,class,1,Echinodermata,Ophiuroidea,N/A,N/A,N/A,551,144,100,78
04d688a8-3307-4091-be68-88e5cd809629,1496.75,2.390000104904175,4,Ophiuroidea,class,1,Echinodermata,Ophiuroidea,N/A,N/A,N/A,478,233,77,64
04d688a8-3307-4091-be68-88e5cd809629,1496.75,2.390000104904175,4,Ophiuroidea,class,1,Echinodermata,Ophiuroidea,N/A,N/A,N/A,2,199,90,95
04d688a8-3307-4091-be68-88e5cd809629,1496.75,2.390000104904175,4,Cystechinus giganteus,species,1,Echinodermata,Echinoidea,Holasteroida,Urechinidae,Cystechinus,298,97,144,133
5daa48be-4cab-499f-bac2-0e06a0cc602c,1505.5699462890625,2.4010000228881836,1,Pannychia,genus,1,Echinodermata,Holothuroidea,Elasipodida,Laetmogonidae,Pannychia,183,42,180,97
8b50bce3-04d2-492f-b48c-8fc21997c26e,1541.7099609375,2.3919999599456787,1,Opisthoteuthis cf. californiana,species,0,Mollusca,Cephalopoda,Octopoda,Opisthoteuthidae,Opisthoteuthis,387,103,210,261
dd465fe8-ccdb-4d72-9176-fa81ec14a650,2336.159912109375,1.8669999837875366,1,Synallactes,genus,1,Echinodermata,Holothuroidea,Synallactida,Synallactidae,Synallactes,422,63,146,221
16edde01-5afb-48a9-a766-82247c057bd8,2283.070068359375,1.843000054359436,1,Bathyraja microtrachys,species,1,Chordata,Elasmobranchii,Rajiformes,Arhynchobatidae,Bathyraja,261,103,104,153
d2d6b0cf-65bb-4274-94b2-d232581cb426,1440.8599853515625,2.4179999828338623,1,Pannychia moseleyi,species,1,Echinodermata,Holothuroidea,Elasipodida,Laetmogonidae,Pannychia,248,67,52,30
68a6aa73-d28b-436f-ac84-b7cc7f45cb5d,2204.219970703125,1.8700000047683716,1,Synallactes,genus,1,Echinodermata,Holothuroidea,Synallactida,Synallactidae,Synallactes,204,430,23,42
2da40964-b055-4518-bf44-9b0e620f99e2,1519.6300048828125,2.3949999809265137,1,Pannychia,genus,1,Echinodermata,Holothuroidea,Elasipodida,Laetmogonidae,Pannychia,318,205,37,25
bb8f49a5-21ad-4354-93a4-806005e61586,1549.6700439453125,2.3919999599456787,1,Bathyraja spinosissima,species,1,Chordata,Elasmobranchii,Rajiformes,Arhynchobatidae,Bathyraja,162,76,491,289
c96a4cd6-4b8d-4d6f-b84d-03b13b0ecc95,1557.989990234375,2.2809998989105225,1,Psychrolutes phrictus,species,1,Chordata,Teleostei,Perciformes,Psychrolutidae,Psychrolutes,50,49,553,250
6bbbcb34-2eb7-4f77-aa0c-f694aed82cc2,2404.89990234375,1.8220000267028809,1,Hymenaster,genus,1,Echinodermata,Asteroidea,Velatida,Pterasteridae,Hymenaster,340,139,199,124
2497f725-5471-4879-a6c2-484a402839d9,1537.3699951171875,2.4600000381469727,1,Psychrolutes phrictus,species,1,Chordata,Teleostei,Perciformes,Psychrolutidae,Psychrolutes,357,125,146,102
47c9f848-c697-4d15-b899-4a64a987cf53,1541.7900390625,2.4549999237060547,6,Ceriantharia,order,1,Cnidaria,Hexacorallia,Ceriantharia,N/A,N/A,523,226,94,121
47c9f848-c697-4d15-b899-4a64a987cf53,1541.7900390625,2.4549999237060547,6,Ceriantharia,order,1,Cnidaria,Hexacorallia,Ceriantharia,N/A,N/A,419,327,133,120
47c9f848-c697-4d15-b899-4a64a987cf53,1541.7900390625,2.4549999237060547,6,Ceriantharia,order,1,Cnidaria,Hexacorallia,Ceriantharia,N/A,N/A,409,161,115,122
47c9f848-c697-4d15-b899-4a64a987cf53,1541.7900390625,2.4549999237060547,6,Ceriantharia,order,1,Cnidaria,Hexacorallia,Ceriantharia,N/A,N/A,191,353,107,122
47c9f848-c697-4d15-b899-4a64a987cf53,1541.7900390625,2.4549999237060547,6,Ceriantharia,order,1,Cnidaria,Hexacorallia,Ceriantharia,N/A,N/A,298,273,98,98
47c9f848-c697-4d15-b899-4a64a987cf53,1541.7900390625,2.4549999237060547,6,Ceriantharia,order,1,Cnidaria,Hexacorallia,Ceriantharia,N/A,N/A,306,198,88,72
8b51f908-5f26-4982-8a14-d0c329233b8d,1764.8900146484375,2.1489999294281006,1,Pteraster,genus,1,Echinodermata,Asteroidea,Velatida,Pterasteridae,Pteraster,199,123,47,44
81382796-651f-4bb9-84c1-8c22e50bdeed,1699.31005859375,2.13700008392334,11,Zoantharia,order,1,Cnidaria,Hexacorallia,Zoantharia,N/A,N/A,208,83,15,15
81382796-651f-4bb9-84c1-8c22e50bdeed,1699.31005859375,2.13700008392334,11,Zoantharia,order,1,Cnidaria,Hexacorallia,Zoantharia,N/A,N/A,322,14,12,15
81382796-651f-4bb9-84c1-8c22e50bdeed,1699.31005859375,2.13700008392334,11,Zoantharia,order,1,Cnidaria,Hexacorallia,Zoantharia,N/A,N/A,334,124,15,15
81382796-651f-4bb9-84c1-8c22e50bdeed,1699.31005859375,2.13700008392334,11,Zoantharia,order,1,Cnidaria,Hexacorallia,Zoantharia,N/A,N/A,322,54,13,15
81382796-651f-4bb9-84c1-8c22e50bdeed,1699.31005859375,2.13700008392334,11,Zoantharia,order,1,Cnidaria,Hexacorallia,Zoantharia,N/A,N/A,398,168,9,15
81382796-651f-4bb9-84c1-8c22e50bdeed,1699.31005859375,2.13700008392334,11,Zoantharia,order,1,Cnidaria,Hexacorallia,Zoantharia,N/A,N/A,232,163,12,13
81382796-651f-4bb9-84c1-8c22e50bdeed,1699.31005859375,2.13700008392334,11,Zoantharia,order,1,Cnidaria,Hexacorallia,Zoantharia,N/A,N/A,347,89,12,11
81382796-651f-4bb9-84c1-8c22e50bdeed,1699.31005859375,2.13700008392334,11,Zoantharia,order,1,Cnidaria,Hexacorallia,Zoantharia,N/A,N/A,361,51,13,15
81382796-651f-4bb9-84c1-8c22e50bdeed,1699.31005859375,2.13700008392334,11,Zoantharia,order,1,Cnidaria,Hexacorallia,Zoantharia,N/A,N/A,269,22,12,11
81382796-651f-4bb9-84c1-8c22e50bdeed,1699.31005859375,2.13700008392334,11,Zoantharia,order,1,Cnidaria,Hexacorallia,Zoantharia,N/A,N/A,220,110,16,12
81382796-651f-4bb9-84c1-8c22e50bdeed,1699.31005859375,2.13700008392334,11,Zoantharia,order,1,Cnidaria,Hexacorallia,Zoantharia,N/A,N/A,354,224,11,12
a4ecf41d-2a97-438f-9dbf-fff633560f43,1519.6099853515625,2.437000036239624,1,Psychrolutes phrictus,species,1,Chordata,Teleostei,Perciformes,Psychrolutidae,Psychrolutes,246,128,118,50
bfe19869-4a59-492f-ae07-446d67a4fb04,2267.3798828125,1.8619999885559082,1,Coryphaenoides acrolepis,species,1,Chordata,Teleostei,Gadiformes,Macrouridae,Coryphaenoides,229,221,66,22
2e27fdce-fac6-4271-8d2e-114f50d1d354,2021.47998046875,1.9010000228881836,1,Poralia rufescens,species,1,Cnidaria,Scyphozoa,Semaeostomeae,Ulmaridae,Poralia,408,30,95,71
4ebf73c3-a4c4-4018-8b5d-47dc1002d637,2449.419921875,1.8179999589920044,1,Coryphaenoides,genus,1,Chordata,Teleostei,Gadiformes,Macrouridae,Coryphaenoides,112,181,50,104
a8580f72-0371-478c-b9a3-1c673da63771,2369.31005859375,1.8329999446868896,1,Holothuroidea,class,1,Echinodermata,Holothuroidea,N/A,N/A,N/A,337,165,21,36
1d66350e-5479-44b3-96c4-7d8ed33e6639,1468.0699462890625,2.434000015258789,1,Pannychia,genus,1,Echinodermata,Holothuroidea,Elasipodida,Laetmogonidae,Pannychia,243,118,95,31
b8003654-ef7e-4265-8e4d-b5d03cb0b9b4,2064.360107421875,1.8980000019073486,2,Munidopsis,genus,1,Arthropoda,Malacostraca,Decapoda,Munidopsidae,Munidopsis,417,95,84,123
b8003654-ef7e-4265-8e4d-b5d03cb0b9b4,2064.360107421875,1.8980000019073486,2,Regadrella,genus,1,Porifera,Hexactinellida,Lyssacinosida,Euplectellidae,Regadrella,373,124,121,240
072a0020-bf83-4edb-99e9-cbd0f4f01c41,2252.199951171875,1.8530000448226929,1,Holothuroidea,class,1,Echinodermata,Holothuroidea,N/A,N/A,N/A,547,270,65,42
28dec2b8-78ea-4fe0-ad8f-9930acf053f4,1504.52001953125,2.4040000438690186,1,Cystechinus giganteus,species,1,Echinodermata,Echinoidea,Holasteroida,Urechinidae,Cystechinus,227,176,31,33
dc7d41c6-0abb-485b-bd2a-70ab74fa3684,1468.0799560546875,2.436000108718872,1,Coryphaenoides,genus,1,Chordata,Teleostei,Gadiformes,Macrouridae,Coryphaenoides,399,219,99,87
289b9463-bec3-4b98-87ac-6ce2bd2c2251,1669.5899658203125,2.188999891281128,1,Paragorgia arborea,species,1,Cnidaria,Octocorallia,Scleralcyonacea,Coralliidae,Paragorgia,114,1,404,363
6d4e6f77-e476-4926-8fae-302a9dbfaa60,1470.4100341796875,2.4070000648498535,1,Psychrolutes phrictus,species,1,Chordata,Teleostei,Perciformes,Psychrolutidae,Psychrolutes,396,206,84,76
014885ae-6715-4485-b59c-2f2bbae53cd7,2249.280029296875,1.8630000352859497,2,Comatulida,order,1,Echinodermata,Crinoidea,Comatulida,N/A,N/A,595,3,116,110
014885ae-6715-4485-b59c-2f2bbae53cd7,2249.280029296875,1.8630000352859497,2,Peniagone,genus,1,Echinodermata,Holothuroidea,Elasipodida,Elpidiidae,Peniagone,61,194,67,43
f59678d4-09ca-4f4d-9a4e-7178fa2976ff,2059.260009765625,1.9880000352859497,1,Bathyraja spinosissima,species,1,Chordata,Elasmobranchii,Rajiformes,Arhynchobatidae,Bathyraja,104,36,426,329
fd5f6f77-b8aa-4cd2-ab9c-164cc314ef60,1522.1600341796875,2.4260001182556152,1,Coryphaenoides acrolepis,species,1,Chordata,Teleostei,Gadiformes,Macrouridae,Coryphaenoides,173,77,66,49
64e39520-ab90-4f34-8a75-129f63c114a9,2253.81005859375,1.8550000190734863,2,Synallactes,genus,1,Echinodermata,Holothuroidea,Synallactida,Synallactidae,Synallactes,578,136,71,47
64e39520-ab90-4f34-8a75-129f63c114a9,2253.81005859375,1.8550000190734863,2,Synallactes,genus,1,Echinodermata,Holothuroidea,Synallactida,Synallactidae,Synallactes,251,157,60,49
13d5bd81-e946-43a2-a5f3-fd1d0a239f38,2283.10009765625,1.8459999561309814,1,Bathyraja microtrachys,species,1,Chordata,Elasmobranchii,Rajiformes,Arhynchobatidae,Bathyraja,274,180,276,105
4b9431dc-ff07-4eac-992b-24c27e7bb828,2296.639892578125,1.8619999885559082,1,Synallactes,genus,1,Echinodermata,Holothuroidea,Synallactida,Synallactidae,Synallactes,203,173,183,127
19b1a75c-511c-413e-85cc-65c7957af717,1833.18994140625,1.9989999532699585,1,Bathyraja spinosissima,species,1,Chordata,Elasmobranchii,Rajiformes,Arhynchobatidae,Bathyraja,2,86,596,226
83e999b6-80aa-48ce-8794-72cb7643f3c9,2354.9599609375,1.8270000219345093,1,Munnopsidae,family,1,Arthropoda,Malacostraca,Isopoda,Munnopsidae,N/A,391,284,53,63
671fa775-5a7f-419a-868a-9b16fdd5d237,1550.280029296875,2.3919999599456787,1,Bathyraja spinosissima,species,1,Chordata,Elasmobranchii,Rajiformes,Arhynchobatidae,Bathyraja,130,182,565,146
831a0392-13eb-4ab5-b43a-2f4fd4d2ed50,1795.449951171875,2.1110000610351562,2,Bathyraja spinosissima,species,1,Chordata,Elasmobranchii,Rajiformes,Arhynchobatidae,Bathyraja,263,139,192,174
831a0392-13eb-4ab5-b43a-2f4fd4d2ed50,1795.449951171875,2.1110000610351562,2,Pannychia moseleyi,species,1,Echinodermata,Holothuroidea,Elasipodida,Laetmogonidae,Pannychia,174,174,41,42
62bdd8ba-e6a0-4890-8c95-08bbeca303f6,2463.989990234375,1.784999966621399,1,Synallactidae,family,1,Echinodermata,Holothuroidea,Synallactida,Synallactidae,N/A,318,185,42,23
0e6ef718-a560-4e33-948a-9e37c909a67c,2482.800048828125,1.819000005722046,1,Pteraster,genus,1,Echinodermata,Asteroidea,Velatida,Pterasteridae,Pteraster,453,182,81,91
eb185e47-3ee0-4ca8-aba1-522bff86429f,1550.3299560546875,2.3919999599456787,1,Bathyraja spinosissima,species,1,Chordata,Elasmobranchii,Rajiformes,Arhynchobatidae,Bathyraja,110,136,419,127
74557982-8aaa-4ecb-a8f0-0348a26dc4bf,2257.14990234375,1.8450000286102295,2,Paulasterias mcclaini,species,1,Echinodermata,Asteroidea,N/A,Paulasteriidae,Paulasterias,390,241,40,38
74557982-8aaa-4ecb-a8f0-0348a26dc4bf,2257.14990234375,1.8450000286102295,2,Ophiuroidea,class,1,Echinodermata,Ophiuroidea,N/A,N/A,N/A,14,281,90,64
e835a713-a08f-4b61-af86-47df7aff97e2,2153.429931640625,1.8730000257492065,1,Bathyraja spinosissima,species,1,Chordata,Elasmobranchii,Rajiformes,Arhynchobatidae,Bathyraja,101,74,501,182
8eb9fb01-42a2-4a48-a0d3-c9ca72fbbe3d,2362.030029296875,1.8559999465942383,1,Pteraster,genus,1,Echinodermata,Asteroidea,Velatida,Pterasteridae,Pteraster,160,81,328,224
cee4205b-64a6-44a3-925d-3a168b2dcf85,2280.550048828125,1.843000054359436,1,Chrysogorgia pinnata,species,1,Cnidaria,Octocorallia,Scleralcyonacea,Chrysogorgiidae,Chrysogorgia,81,8,590,340
8d66b4b0-3a2b-4fd0-ba78-49e2acae2641,1714.6500244140625,2.1679999828338623,1,Coryphaenoides acrolepis,species,1,Chordata,Teleostei,Gadiformes,Macrouridae,Coryphaenoides,387,221,152,153
409c6b1d-9dc8-42a4-b4d6-6a8d792d3b77,2447.679931640625,1.8179999589920044,1,Hymenaster,genus,1,Echinodermata,Asteroidea,Velatida,Pterasteridae,Hymenaster,345,127,78,89
9cf8ee76-148c-48bc-8ba8-7f3f632624e0,2045.2099609375,1.968000054359436,1,Pterasteridae,genus,1,Echinodermata,Asteroidea,Velatida,N/A,Pteraster,314,122,80,61
ac0c9d2e-41c8-45a6-b1f7-a05347d76488,1520.1500244140625,2.3959999084472656,1,Coryphaenoides acrolepis,species,1,Chordata,Teleostei,Gadiformes,Macrouridae,Coryphaenoides,278,119,51,89
c8433d2b-a9ff-491e-abfe-50e26a89f547,1729.0699462890625,2.190999984741211,1,Coryphaenoides,genus,1,Chordata,Teleostei,Gadiformes,Macrouridae,Coryphaenoides,476,227,64,59
4cfa4db8-d814-4cf7-8858-097aa1786bcd,1523.3299560546875,2.374000072479248,1,Macrouridae,family,1,Chordata,Teleostei,Gadiformes,Macrouridae,N/A,584,219,89,39
29149772-4d6a-40d1-af7c-2fe51ade6d69,1821.050048828125,2.0869998931884766,15,Zoantharia,order,1,Cnidaria,Hexacorallia,Zoantharia,N/A,N/A,439,157,15,15
29149772-4d6a-40d1-af7c-2fe51ade6d69,1821.050048828125,2.0869998931884766,15,Zoantharia,order,1,Cnidaria,Hexacorallia,Zoantharia,N/A,N/A,355,144,16,13
29149772-4d6a-40d1-af7c-2fe51ade6d69,1821.050048828125,2.0869998931884766,15,Cladorhizidae,family,1,Porifera,Demospongiae,Poecilosclerida,Cladorhizidae,N/A,357,292,15,23
29149772-4d6a-40d1-af7c-2fe51ade6d69,1821.050048828125,2.0869998931884766,15,Zoantharia,order,1,Cnidaria,Hexacorallia,Zoantharia,N/A,N/A,286,118,13,16
29149772-4d6a-40d1-af7c-2fe51ade6d69,1821.050048828125,2.0869998931884766,15,Zoantharia,order,1,Cnidaria,Hexacorallia,Zoantharia,N/A,N/A,408,164,13,14
29149772-4d6a-40d1-af7c-2fe51ade6d69,1821.050048828125,2.0869998931884766,15,Zoantharia,order,1,Cnidaria,Hexacorallia,Zoantharia,N/A,N/A,309,147,11,13
29149772-4d6a-40d1-af7c-2fe51ade6d69,1821.050048828125,2.0869998931884766,15,Swiftia kofoidi,species,1,Cnidaria,Octocorallia,Malacalcyonacea,Plexauridae,Swiftia,60,136,204,204
29149772-4d6a-40d1-af7c-2fe51ade6d69,1821.050048828125,2.0869998931884766,15,Zoantharia,order,1,Cnidaria,Hexacorallia,Zoantharia,N/A,N/A,247,147,15,17
29149772-4d6a-40d1-af7c-2fe51ade6d69,1821.050048828125,2.0869998931884766,15,Zoantharia,order,1,Cnidaria,Hexacorallia,Zoantharia,N/A,N/A,274,141,14,15
29149772-4d6a-40d1-af7c-2fe51ade6d69,1821.050048828125,2.0869998931884766,15,Zoantharia,order,1,Cnidaria,Hexacorallia,Zoantharia,N/A,N/A,326,162,12,13
29149772-4d6a-40d1-af7c-2fe51ade6d69,1821.050048828125,2.0869998931884766,15,Cladorhizidae,family,1,Porifera,Demospongiae,Poecilosclerida,Cladorhizidae,N/A,382,278,41,26
29149772-4d6a-40d1-af7c-2fe51ade6d69,1821.050048828125,2.0869998931884766,15,Zoantharia,order,1,Cnidaria,Hexacorallia,Zoantharia,N/A,N/A,375,148,15,12
29149772-4d6a-40d1-af7c-2fe51ade6d69,1821.050048828125,2.0869998931884766,15,Zoantharia,order,1,Cnidaria,Hexacorallia,Zoantharia,N/A,N/A,332,209,14,16
29149772-4d6a-40d1-af7c-2fe51ade6d69,1821.050048828125,2.0869998931884766,15,Zoantharia,order,1,Cnidaria,Hexacorallia,Zoantharia,N/A,N/A,297,214,13,14
29149772-4d6a-40d1-af7c-2fe51ade6d69,1821.050048828125,2.0869998931884766,15,Zoantharia,order,1,Cnidaria,Hexacorallia,Zoantharia,N/A,N/A,351,161,15,13
bf4848b2-6f3c-4c68-9db4-aecebd640d97,2448.89990234375,1.819000005722046,1,Hymenaster,genus,1,Echinodermata,Asteroidea,Velatida,Pterasteridae,Hymenaster,187,51,297,289
2189a3e2-0b36-4dd8-9443-d19e47ae1bb7,1575.0,2.318000078201294,1,Antimora microlepis,species,1,Chordata,Teleostei,Gadiformes,Moridae,Antimora,503,270,195,146
12dcc67f-27a3-4b54-af0e-6a6ee0554993,2059.06005859375,1.9880000352859497,1,Bathyraja spinosissima,species,1,Chordata,Elasmobranchii,Rajiformes,Arhynchobatidae,Bathyraja,212,3,403,362
2993be81-ae0d-4b23-8796-53a394fa2bf8,1471.300048828125,2.3489999771118164,1,Paragorgia arborea,species,1,Cnidaria,Octocorallia,Scleralcyonacea,Coralliidae,Paragorgia,137,228,128,96
0ceb57fe-5577-4c8c-9deb-78c8cb9ef4cf,1513.6300048828125,2.4010000228881836,1,Pannychia moseleyi,species,1,Echinodermata,Holothuroidea,Elasipodida,Laetmogonidae,Pannychia,85,294,86,42
4691de51-2cf2-4b2f-8d1f-0b694005565a,2204.06005859375,1.871000051498413,1,Synallactes,genus,1,Echinodermata,Holothuroidea,Synallactida,Synallactidae,Synallactes,350,240,33,13
3e01dbd5-ff56-4996-bf65-b0b72e196f11,1442.469970703125,2.4100000858306885,1,Coryphaenoides,genus,1,Chordata,Teleostei,Gadiformes,Macrouridae,Coryphaenoides,373,209,73,119
3934e0e2-6949-481e-bcd3-1169c67d287a,2400.39990234375,1.7730000019073486,1,Peniagone,genus,1,Echinodermata,Holothuroidea,Elasipodida,Elpidiidae,Peniagone,481,241,97,93
ff05eb9a-7cfa-4869-b995-b62ce7ad2c42,1469.75,2.4059998989105225,1,Psychrolutes phrictus,species,1,Chordata,Teleostei,Perciformes,Psychrolutidae,Psychrolutes,282,162,50,57
7fc7cc4c-d9f3-42aa-b304-8ae6f96e578a,2448.3701171875,1.819000005722046,1,Hymenaster,genus,1,Echinodermata,Asteroidea,Velatida,Pterasteridae,Hymenaster,264,119,252,241
6c350b92-7605-4628-8b25-dfca4989aabb,1520.1400146484375,2.4010000228881836,1,Coryphaenoides,genus,1,Chordata,Teleostei,Gadiformes,Macrouridae,Coryphaenoides,366,111,81,34
7428d7fe-8fbd-4a17-b173-cabe0c648938,2452.77001953125,1.8170000314712524,1,Hymenaster,genus,1,Echinodermata,Asteroidea,Velatida,Pterasteridae,Hymenaster,224,48,192,206
d569f03e-3a28-42bb-b02c-e839c615895c,2257.8701171875,1.840000033378601,1,Antimora microlepis,species,1,Chordata,Teleostei,Gadiformes,Moridae,Antimora,596,119,71,61
cdecd3e9-6671-49b8-9afb-fe9be465bef9,2281.39990234375,1.8630000352859497,2,Synallactes,genus,1,Echinodermata,Holothuroidea,Synallactida,Synallactidae,Synallactes,256,353,54,45
cdecd3e9-6671-49b8-9afb-fe9be465bef9,2281.39990234375,1.8630000352859497,2,Comatulida,order,1,Echinodermata,Crinoidea,Comatulida,N/A,N/A,486,304,34,39
1a3a8b2c-9f0c-4757-9ebb-2a9dc2c381a2,2358.820068359375,1.8550000190734863,1,Antimora microlepis,species,1,Chordata,Teleostei,Gadiformes,Moridae,Antimora,305,31,189,335
5e711c56-639a-4222-9cb1-2fa34907ba36,1714.6800537109375,2.1449999809265137,1,Antimora microlepis,species,1,Chordata,Teleostei,Gadiformes,Moridae,Antimora,30,164,184,64
f3b9348a-8e3f-4205-b358-07f3c588dc66,2293.9599609375,1.8530000448226929,1,Synallactidae,family,1,Echinodermata,Holothuroidea,Synallactida,Synallactidae,N/A,2,38,132,54
1a5abfdb-e7f0-4000-a80c-090beac80000,1969.02001953125,1.9270000457763672,2,Octocorallia,class,1,Cnidaria,Octocorallia,N/A,N/A,N/A,186,100,99,59
1a5abfdb-e7f0-4000-a80c-090beac80000,1969.02001953125,1.9270000457763672,2,Octocorallia,class,1,Cnidaria,Octocorallia,N/A,N/A,N/A,141,105,71,60
518d7eb7-0099-4e9f-b611-aa760d993d32,2176.860107421875,1.8799999952316284,1,Coryphaenoides,genus,1,Chordata,Teleostei,Gadiformes,Macrouridae,Coryphaenoides,505,215,32,59
7bea8f98-4bc0-4a97-b43e-4be5b24b306b,2106.9599609375,1.86899995803833,1,Bathyraja spinosissima,species,1,Chordata,Elasmobranchii,Rajiformes,Arhynchobatidae,Bathyraja,251,16,226,314
f5b67889-4ca9-4f97-b9ec-a12eeb33955b,1539.9100341796875,2.3919999599456787,1,Antimora microlepis,species,1,Chordata,Teleostei,Gadiformes,Moridae,Antimora,372,258,34,39
7d09d140-1be4-4f36-b7e7-e41c3e8cbb0e,2449.409912109375,1.7769999504089355,1,Antimora microlepis,species,1,Chordata,Teleostei,Gadiformes,Moridae,Antimora,181,102,209,116
f744e710-8828-45c5-a3fa-0cc9c5715430,1542.3499755859375,2.5199999809265137,1,Ceriantharia,order,1,Cnidaria,Hexacorallia,Ceriantharia,N/A,N/A,206,254,28,26
b33aa754-046e-4c7a-bcc5-1660da9ef0d1,1515.9100341796875,2.434000015258789,1,Pannychia moseleyi,species,1,Echinodermata,Holothuroidea,Elasipodida,Laetmogonidae,Pannychia,336,118,240,201
657104a4-6700-4568-b3a4-fc008faa6896,2434.929931640625,1.7790000438690186,2,Synallactidae,family,1,Echinodermata,Holothuroidea,Synallactida,Synallactidae,N/A,446,256,47,26
657104a4-6700-4568-b3a4-fc008faa6896,2434.929931640625,1.7790000438690186,2,Synallactidae,family,1,Echinodermata,Holothuroidea,Synallactida,Synallactidae,N/A,438,166,19,20
f3dbe151-d540-4a9d-a7fc-b565116b337c,2363.580078125,1.8530000448226929,1,Munnopsidae,family,1,Arthropoda,Malacostraca,Isopoda,Munnopsidae,N/A,143,188,142,111
7a6b9369-1170-43e3-a263-4b459523dd9e,2272.6298828125,1.8569999933242798,1,Synallactes,genus,1,Echinodermata,Holothuroidea,Synallactida,Synallactidae,Synallactes,383,183,30,31
d716599d-2bba-46fe-96cf-96374ac00fcd,1496.77001953125,2.390000104904175,3,Ophiuroidea,class,1,Echinodermata,Ophiuroidea,N/A,N/A,N/A,506,0,117,73
d716599d-2bba-46fe-96cf-96374ac00fcd,1496.77001953125,2.390000104904175,3,Cystechinus giganteus,species,1,Echinodermata,Echinoidea,Holasteroida,Urechinidae,Cystechinus,264,59,213,200
d716599d-2bba-46fe-96cf-96374ac00fcd,1496.77001953125,2.390000104904175,3,Ophiuroidea,class,1,Echinodermata,Ophiuroidea,N/A,N/A,N/A,532,262,118,86
0064284a-99a0-4ad2-b607-828fe49e4b39,1531.8599853515625,2.365999937057495,1,Cystechinus giganteus,species,1,Echinodermata,Echinoidea,Holasteroida,Urechinidae,Cystechinus,262,196,62,46
6d671ab9-42b4-4eb9-b88f-c51a3d5ca0e3,1804.199951171875,2.1089999675750732,1,Bathyraja spinosissima,species,1,Chordata,Elasmobranchii,Rajiformes,Arhynchobatidae,Bathyraja,138,156,190,119
3b4fe0b2-0959-4b71-8bec-3f280477f1ac,1540.25,2.447000026702881,1,Coryphaenoides acrolepis,species,1,Chordata,Teleostei,Gadiformes,Macrouridae,Coryphaenoides,363,122,69,103
2b23a3a6-5b75-413f-bc81-c4b5f3dda71b,2420.97998046875,1.7960000038146973,1,Peniagone,genus,1,Echinodermata,Holothuroidea,Elasipodida,Elpidiidae,Peniagone,444,334,74,105
42885d57-10c6-4cda-ac27-12a023133b24,1710.8199462890625,2.1589999198913574,1,Coryphaenoides acrolepis,species,1,Chordata,Teleostei,Gadiformes,Macrouridae,Coryphaenoides,367,14,52,94
ad7ffee7-c8c3-4277-a396-7a6296019944,1543.0400390625,2.3919999599456787,1,Opisthoteuthis cf. californiana,species,0,Mollusca,Cephalopoda,Octopoda,Opisthoteuthidae,Opisthoteuthis,231,1,364,323
f8091391-0176-4476-800b-4fa675e9db95,1810.6400146484375,2.053999900817871,1,Bathyraja spinosissima,species,1,Chordata,Elasmobranchii,Rajiformes,Arhynchobatidae,Bathyraja,181,74,375,172
557ad428-009a-41ca-8ddf-59cc662b2781,2421.050048828125,1.7960000038146973,1,Peniagone,genus,1,Echinodermata,Holothuroidea,Elasipodida,Elpidiidae,Peniagone,309,2,58,77
ad122fec-262c-4101-8f3d-bdeb37c5f1d0,1477.77001953125,2.3989999294281006,1,Peniagone,genus,1,Echinodermata,Holothuroidea,Elasipodida,Elpidiidae,Peniagone,144,123,87,76
3857cdf4-8b3d-4a64-98f9-ce527a8feb9f,2196.510009765625,1.871000051498413,1,Munnopsidae,family,1,Arthropoda,Malacostraca,Isopoda,Munnopsidae,N/A,243,259,80,63
a589d1d0-7158-414b-b3e6-66b235f0ee41,2349.080078125,1.8240000009536743,1,Ophiuroidea,class,1,Echinodermata,Ophiuroidea,N/A,N/A,N/A,483,140,134,86
38efc3a8-1bfe-4ed8-b493-159ad2d9dc98,1968.4100341796875,1.902999997138977,1,Chrysogorgia pinnata,species,1,Cnidaria,Octocorallia,Scleralcyonacea,Chrysogorgiidae,Chrysogorgia,319,202,114,73
5ec842d6-e581-4960-8eeb-78c9db3a598e,1767.510009765625,2.1630001068115234,1,Antimora microlepis,species,1,Chordata,Teleostei,Gadiformes,Moridae,Antimora,295,221,28,75
d480b79b-2f36-4561-bd36-b448264f44e2,1469.5400390625,2.428999900817871,1,Pteraster,genus,1,Echinodermata,Asteroidea,Velatida,Pterasteridae,Pteraster,212,97,300,244
bb5367f5-0bf3-4998-a25c-ae6d72044cdd,1558.0,2.2809998989105225,1,Psychrolutes phrictus,species,1,Chordata,Teleostei,Perciformes,Psychrolutidae,Psychrolutes,105,114,487,206
2d3ef085-a4da-4b23-ad77-f136e6f95e72,1549.489990234375,2.3919999599456787,1,Bathyraja spinosissima,species,1,Chordata,Elasmobranchii,Rajiformes,Arhynchobatidae,Bathyraja,391,110,255,173
ae2b8fd4-7af3-45f4-8373-aac60e7c760d,1549.5699462890625,2.3910000324249268,1,Bathyraja spinosissima,species,1,Chordata,Elasmobranchii,Rajiformes,Arhynchobatidae,Bathyraja,1,13,718,342
ba42e604-734d-4758-baa9-fab17ad7325a,1531.4599609375,2.384999990463257,1,Bathyraja abyssicola,species,1,Chordata,Elasmobranchii,Rajiformes,Arhynchobatidae,Bathyraja,246,15,248,314
570012e2-5b86-4e8c-97f2-e24268008851,2278.39990234375,1.8420000076293945,1,Solaster hypothrissus,species,1,Echinodermata,Asteroidea,Valvatida,Solasteridae,Solaster,279,137,206,127
f91e2905-93c7-470a-b94e-59fb9a4677f1,1121.0400390625,3.0859999656677246,1,Aegina,genus,1,Cnidaria,Hydrozoa,Narcomedusae,Aeginidae,Aegina,697,500,43,68
2c9482a1-0854-4a65-8f7b-16ade6f2444d,1542.8699951171875,2.3929998874664307,1,Opisthoteuthis cf. californiana,species,0,Mollusca,Cephalopoda,Octopoda,Opisthoteuthidae,Opisthoteuthis,354,102,186,139
50ae611e-1c2c-47b9-8371-5db5a9895475,1466.6099853515625,2.447999954223633,1,Antimora microlepis,species,1,Chordata,Teleostei,Gadiformes,Moridae,Antimora,35,278,56,52
888f0153-ff83-46ba-9ddf-2fc3f41c7630,2380.0,1.8289999961853027,1,Peniagone,genus,1,Echinodermata,Holothuroidea,Elasipodida,Elpidiidae,Peniagone,365,155,119,122
2cab361a-f8f5-45f5-91fb-7a888c9ec837,1531.199951171875,2.384999990463257,1,Bathyraja abyssicola,species,1,Chordata,Elasmobranchii,Rajiformes,Arhynchobatidae,Bathyraja,249,78,217,234
84f4181e-0d5c-490a-902d-2d4e9d28999d,1557.989990234375,2.2809998989105225,1,Psychrolutes phrictus,species,1,Chordata,Teleostei,Perciformes,Psychrolutidae,Psychrolutes,324,116,338,146
bbc74f9d-4bcb-4bd8-9e5f-7cfcc85fedbd,1515.97998046875,2.430999994277954,1,Opisthoteuthis cf. californiana,species,0,Mollusca,Cephalopoda,Octopoda,Opisthoteuthidae,Opisthoteuthis,355,68,109,87
f9608489-acc2-46a5-96bf-47640d68cbce,2376.550048828125,1.8270000219345093,8,Peniagone,genus,1,Echinodermata,Holothuroidea,Elasipodida,Elpidiidae,Peniagone,282,209,187,143
f9608489-acc2-46a5-96bf-47640d68cbce,2376.550048828125,1.8270000219345093,8,Ophiuroidea,class,1,Echinodermata,Ophiuroidea,N/A,N/A,N/A,508,271,36,32
f9608489-acc2-46a5-96bf-47640d68cbce,2376.550048828125,1.8270000219345093,8,Ophiuroidea,class,1,Echinodermata,Ophiuroidea,N/A,N/A,N/A,198,297,77,57
f9608489-acc2-46a5-96bf-47640d68cbce,2376.550048828125,1.8270000219345093,8,Ophiuroidea,class,1,Echinodermata,Ophiuroidea,N/A,N/A,N/A,276,17,48,54
f9608489-acc2-46a5-96bf-47640d68cbce,2376.550048828125,1.8270000219345093,8,Ophiuroidea,class,1,Echinodermata,Ophiuroidea,N/A,N/A,N/A,591,222,51,50
f9608489-acc2-46a5-96bf-47640d68cbce,2376.550048828125,1.8270000219345093,8,Ophiuroidea,class,1,Echinodermata,Ophiuroidea,N/A,N/A,N/A,245,107,46,42
f9608489-acc2-46a5-96bf-47640d68cbce,2376.550048828125,1.8270000219345093,8,Ophiuroidea,class,1,Echinodermata,Ophiuroidea,N/A,N/A,N/A,69,164,55,55
f9608489-acc2-46a5-96bf-47640d68cbce,2376.550048828125,1.8270000219345093,8,Ophiuroidea,class,1,Echinodermata,Ophiuroidea,N/A,N/A,N/A,522,147,67,48
c0346466-21e3-4f90-ab36-63a1bf239a2c,2366.1201171875,1.8509999513626099,1,Pteraster,genus,1,Echinodermata,Asteroidea,Velatida,Pterasteridae,Pteraster,82,141,290,283
a8b95b83-be6d-485b-8aa6-221c47518047,1531.4599609375,2.384999990463257,1,Bathyraja abyssicola,species,1,Chordata,Elasmobranchii,Rajiformes,Arhynchobatidae,Bathyraja,165,138,423,185
17e0206a-a723-4a6f-8acd-4ab529d08b51,2207.219970703125,1.8669999837875366,1,Synallactes,genus,1,Echinodermata,Holothuroidea,Synallactida,Synallactidae,Synallactes,466,279,212,141
eddc7371-c7ed-4522-ac82-fe2fbae1a1b1,2478.3701171875,1.8079999685287476,1,Macrouridae,family,1,Chordata,Teleostei,Gadiformes,Macrouridae,N/A,618,108,46,36
7e515aef-35d5-4958-9cd6-e76f7ae4215b,1934.699951171875,2.0190000534057617,1,Solasteridae,genus,1,Echinodermata,Asteroidea,Valvatida,N/A,Solaster,421,81,141,99
31a87b5f-45ce-43ef-bab4-b348eba09f33,2483.909912109375,1.8200000524520874,1,Coryphaenoides,genus,1,Chordata,Teleostei,Gadiformes,Macrouridae,Coryphaenoides,364,118,36,34
36a7932e-12f8-46c4-95fe-8263ec1c2132,1473.010009765625,2.4179999828338623,1,Opisthoteuthis cf. californiana,species,0,Mollusca,Cephalopoda,Octopoda,Opisthoteuthidae,Opisthoteuthis,294,160,110,92
bac07da7-41b2-4e6a-98ba-277a0442669b,2320.0400390625,1.8609999418258667,1,Synallactes,genus,1,Echinodermata,Holothuroidea,Synallactida,Synallactidae,Synallactes,329,167,50,42
edafbc40-bf9b-4913-8c0f-bd831444db54,2214.2099609375,1.871999979019165,1,Synallactes,genus,1,Echinodermata,Holothuroidea,Synallactida,Synallactidae,Synallactes,600,236,26,51
2e21b32f-6f18-434c-9b9a-6d6a0b724d55,2349.77001953125,1.850000023841858,1,Antimora microlepis,species,1,Chordata,Teleostei,Gadiformes,Moridae,Antimora,272,272,89,98
4a2934fb-4ae3-4c14-8eaa-7f56dbfc407d,1549.5699462890625,2.3919999599456787,1,Bathyraja spinosissima,species,1,Chordata,Elasmobranchii,Rajiformes,Arhynchobatidae,Bathyraja,0,63,513,300
ccf44649-8091-41e8-961b-4c02d052e889,1466.47998046875,2.4619998931884766,1,Pannychia moseleyi,species,1,Echinodermata,Holothuroidea,Elasipodida,Laetmogonidae,Pannychia,280,93,204,229
0a1a27a9-31b6-4649-b11d-142ec5490985,2462.669921875,1.784999966621399,1,Suction Sampler,unknown,1,N/A,N/A,N/A,N/A,N/A,255,31,253,159
2e4b2d1c-6dcc-4209-8d3f-c3e8be3c7c23,2364.239990234375,1.8509999513626099,1,Crossaster borealis,species,1,Echinodermata,Asteroidea,Valvatida,Solasteridae,Crossaster,242,268,148,102
150f24a0-aa88-468e-9415-f1e8ea6c7f8d,2059.56005859375,1.9850000143051147,1,Bathyraja spinosissima,species,1,Chordata,Elasmobranchii,Rajiformes,Arhynchobatidae,Bathyraja,201,60,470,305
01f4b828-a8b8-413a-81fb-018fafe28074,2355.0,1.8259999752044678,1,Munnopsidae,family,1,Arthropoda,Malacostraca,Isopoda,Munnopsidae,N/A,354,303,31,31
23805f49-26b8-4fa2-a247-f20916e261d9,1512.02001953125,2.437000036239624,1,Opisthoteuthis cf. californiana,species,0,Mollusca,Cephalopoda,Octopoda,Opisthoteuthidae,Opisthoteuthis,151,74,343,247
c55c4a6f-30ef-4bd8-abb0-6d038b83503e,1524.6800537109375,2.378000020980835,1,Pteraster,genus,1,Echinodermata,Asteroidea,Velatida,Pterasteridae,Pteraster,235,137,89,80
4acd0930-32c2-403b-917f-050f37a5c04c,2387.02001953125,1.8200000524520874,1,Hymenaster,genus,1,Echinodermata,Asteroidea,Velatida,Pterasteridae,Hymenaster,405,160,71,109
bcab4d59-2b0f-4acc-b68f-a87f2fc799a2,2203.550048828125,1.871999979019165,1,Synallactes,genus,1,Echinodermata,Holothuroidea,Synallactida,Synallactidae,Synallactes,152,328,53,35
7537b6ae-24f6-4440-9c6b-fcb95832fd0d,1558.02001953125,2.2790000438690186,1,Psychrolutes phrictus,species,1,Chordata,Teleostei,Perciformes,Psychrolutidae,Psychrolutes,51,57,562,246
95d22136-1a0d-4f30-9c25-b1f2834bb13b,2243.159912109375,1.8370000123977661,1,Chrysogorgia,genus,1,Cnidaria,Octocorallia,Scleralcyonacea,Chrysogorgiidae,Chrysogorgia,126,52,160,83
d8ab250e-0086-45ae-93ae-1694ebb9f560,2349.1298828125,1.8220000267028809,1,Munnopsidae,family,1,Arthropoda,Malacostraca,Isopoda,Munnopsidae,N/A,93,199,101,121
24a09dc2-b27b-4695-8b16-e7da55cbb991,1536.81005859375,2.4670000076293945,1,Psychrolutes phrictus,species,1,Chordata,Teleostei,Perciformes,Psychrolutidae,Psychrolutes,223,94,145,269
eb5f7e23-dc77-48e8-ad9d-8065413f5a7c,1557.780029296875,2.2829999923706055,1,Psychrolutes phrictus,species,1,Chordata,Teleostei,Perciformes,Psychrolutidae,Psychrolutes,328,148,171,83
65fa4c47-9603-4308-aa42-01f5a086678f,1454.4100341796875,2.430999994277954,2,Asteroidea,class,1,Echinodermata,Asteroidea,N/A,N/A,N/A,28,244,19,20
65fa4c47-9603-4308-aa42-01f5a086678f,1454.4100341796875,2.430999994277954,2,Actiniaria,genus,1,Cnidaria,Hexacorallia,N/A,N/A,Actinia,310,288,18,22
43af30ec-c448-4b1d-8152-369887e63f9b,2269.47998046875,1.840999960899353,1,Ceriantharia,order,1,Cnidaria,Hexacorallia,Ceriantharia,N/A,N/A,283,215,147,151
7c445f62-8f62-4cf5-a519-4f3a21c40f84,2306.14990234375,1.8539999723434448,1,Coryphaenoides,genus,1,Chordata,Teleostei,Gadiformes,Macrouridae,Coryphaenoides,397,258,82,36
e65a06dc-9628-420a-acef-ce3b182727d0,1484.27001953125,2.3540000915527344,2,Macrouridae,family,1,Chordata,Teleostei,Gadiformes,Macrouridae,N/A,578,338,67,27
e65a06dc-9628-420a-acef-ce3b182727d0,1484.27001953125,2.3540000915527344,2,Macroregonia macrochira,species,1,Arthropoda,Malacostraca,Decapoda,Oregoniidae,Macroregonia,144,231,61,45
59d4935c-d690-4115-b0be-4861995c0857,2322.81005859375,1.8559999465942383,2,Coryphaenoides,genus,1,Chordata,Teleostei,Gadiformes,Macrouridae,Coryphaenoides,498,54,68,20
59d4935c-d690-4115-b0be-4861995c0857,2322.81005859375,1.8559999465942383,2,Laetmogone,genus,1,Echinodermata,Holothuroidea,Elasipodida,Laetmogonidae,Laetmogone,69,140,106,67
56fde1a6-b7e3-4c19-8af6-0306aca24144,1539.530029296875,2.503000020980835,1,Bathyraja spinosissima,species,1,Chordata,Elasmobranchii,Rajiformes,Arhynchobatidae,Bathyraja,99,86,530,239
db28e17c-4846-4f24-a764-f22e48f8d929,2448.469970703125,1.819000005722046,1,Hymenaster,genus,1,Echinodermata,Asteroidea,Velatida,Pterasteridae,Hymenaster,219,120,272,247
1c628f9e-65a7-4df2-88e8-be6ec37875ae,2338.89990234375,1.847000002861023,1,Coryphaenoides,genus,1,Chordata,Teleostei,Gadiformes,Macrouridae,Coryphaenoides,473,281,78,39
e09975fa-2221-4bc3-8fc5-e04cbe98dca3,1515.8900146484375,2.4070000648498535,1,Ceriantharia,order,1,Cnidaria,Hexacorallia,Ceriantharia,N/A,N/A,344,155,75,65
d202db2b-24d3-43a3-9b3c-d45fe02a0ca9,2295.719970703125,1.8799999952316284,1,Antimora microlepis,species,1,Chordata,Teleostei,Gadiformes,Moridae,Antimora,516,210,42,37
cec69846-3cd6-4811-9b86-92f1186f5f79,2279.47998046875,1.8450000286102295,3,manipulator,unknown,1,N/A,N/A,N/A,N/A,N/A,385,4,279,167
cec69846-3cd6-4811-9b86-92f1186f5f79,2279.47998046875,1.8450000286102295,3,Chrysogorgia pinnata,species,1,Cnidaria,Octocorallia,Scleralcyonacea,Chrysogorgiidae,Chrysogorgia,169,93,109,133
cec69846-3cd6-4811-9b86-92f1186f5f79,2279.47998046875,1.8450000286102295,3,Porifera,phylum,1,Porifera,N/A,N/A,N/A,N/A,299,169,146,119
7f7898b2-287d-4495-92fc-e5dc63b648ad,1473.010009765625,2.4179999828338623,1,Opisthoteuthis cf. californiana,species,0,Mollusca,Cephalopoda,Octopoda,Opisthoteuthidae,Opisthoteuthis,174,113,232,187
a124504c-e1ab-443c-843e-8e2f6347a8f2,1512.0699462890625,2.4100000858306885,2,Zoroaster spinulosus,species,1,Echinodermata,Asteroidea,Forcipulatida,Zoroasteridae,Zoroaster,268,170,56,44
a124504c-e1ab-443c-843e-8e2f6347a8f2,1512.0699462890625,2.4100000858306885,2,Coryphaenoides,genus,1,Chordata,Teleostei,Gadiformes,Macrouridae,Coryphaenoides,436,151,77,46
a5188e36-ef01-41bc-9f12-1890c11cb1b9,1478.02001953125,2.4639999866485596,1,Opisthoteuthis cf. californiana,species,0,Mollusca,Cephalopoda,Octopoda,Opisthoteuthidae,Opisthoteuthis,345,170,68,82
b9637354-59e2-441e-9f98-e9a21cde3ec9,1806.8499755859375,2.109999895095825,1,Coryphaenoides acrolepis,species,1,Chordata,Teleostei,Gadiformes,Macrouridae,Coryphaenoides,546,57,70,76
0d6d3ac3-ce5f-4cf1-a577-9b2ac77aa6dd,1543.0899658203125,2.3929998874664307,1,Opisthoteuthis cf. californiana,species,0,Mollusca,Cephalopoda,Octopoda,Opisthoteuthidae,Opisthoteuthis,239,35,241,218
438aea1e-b1e2-4c67-a1c3-6599ca8b5e3f,1714.7099609375,2.1459999084472656,1,Antimora microlepis,species,1,Chordata,Teleostei,Gadiformes,Moridae,Antimora,270,254,223,100
1c742e9e-3445-46d6-9c6a-ad6949846fd1,1466.0999755859375,2.4489998817443848,1,Pannychia moseleyi,species,1,Echinodermata,Holothuroidea,Elasipodida,Laetmogonidae,Pannychia,457,197,96,130
e361d95a-9e9d-4e60-8dc6-b941f4c545b5,2436.570068359375,1.7960000038146973,1,Coryphaenoides,genus,1,Chordata,Teleostei,Gadiformes,Macrouridae,Coryphaenoides,1,262,69,59
dc5a97a8-dd19-4331-a08f-7cc3623a743b,2370.3701171875,1.7999999523162842,1,Coryphaenoides,genus,1,Chordata,Teleostei,Gadiformes,Macrouridae,Coryphaenoides,183,54,54,35
57e7e0a0-4e48-41cc-b444-25c7b5e620c8,2207.909912109375,1.86899995803833,1,Synallactes,genus,1,Echinodermata,Holothuroidea,Synallactida,Synallactidae,Synallactes,522,387,77,91
bf3bc9a7-d11d-4a9a-9e4b-16ac2169e9fd,1549.469970703125,2.3929998874664307,1,Bathyraja spinosissima,species,1,Chordata,Elasmobranchii,Rajiformes,Arhynchobatidae,Bathyraja,92,41,581,320
2a9b29f1-840c-4467-b6fe-a64c5e239d5d,1669.530029296875,2.188999891281128,1,Paragorgia arborea,species,1,Cnidaria,Octocorallia,Scleralcyonacea,Coralliidae,Paragorgia,149,1,360,360
60a45d37-0fc1-4896-b5cd-60873c258f88,1510.6199951171875,2.440999984741211,2,Ophiuroidea,class,1,Echinodermata,Ophiuroidea,N/A,N/A,N/A,233,64,56,51
60a45d37-0fc1-4896-b5cd-60873c258f88,1510.6199951171875,2.440999984741211,2,Ophiuroidea,class,1,Echinodermata,Ophiuroidea,N/A,N/A,N/A,149,206,81,89
6fd85010-38ed-4535-8278-f39df1203c58,1556.4599609375,2.3949999809265137,1,Munnopsidae,family,1,Arthropoda,Malacostraca,Isopoda,Munnopsidae,N/A,382,164,87,88
82338ffc-b447-4e5a-b52a-a304070f78d7,2252.199951171875,1.8530000448226929,1,Comatulida,order,1,Echinodermata,Crinoidea,Comatulida,N/A,N/A,277,300,69,50
ade3d7cf-2ee8-4320-9d54-66113f046737,1542.31005859375,2.384000062942505,1,Psychrolutes phrictus,species,1,Chordata,Teleostei,Perciformes,Psychrolutidae,Psychrolutes,276,175,247,106
4a4deb91-5e33-4766-bf14-d419d764e2aa,2065.68994140625,1.968999981880188,1,Antimora microlepis,species,1,Chordata,Teleostei,Gadiformes,Moridae,Antimora,353,131,90,50
566da252-c5b0-4857-900f-2626b9782cd8,2400.75,1.8140000104904175,1,Synallactes,genus,1,Echinodermata,Holothuroidea,Synallactida,Synallactidae,Synallactes,251,294,27,19
d2f6da09-6c7f-4fc9-8205-7d88d8dced01,2381.06005859375,1.8079999685287476,1,Coryphaenoides,genus,1,Chordata,Teleostei,Gadiformes,Macrouridae,Coryphaenoides,27,315,49,24
2ea570f9-4688-4fa0-91f2-7b2f6062eaa1,1705.7099609375,2.1640000343322754,1,Coryphaenoides acrolepis,species,1,Chordata,Teleostei,Gadiformes,Macrouridae,Coryphaenoides,301,337,77,146
36370f40-aca6-4e54-bf2f-d9e9392f47e6,1963.81005859375,2.0220000743865967,1,Euplectellidae,family,1,Porifera,Hexactinellida,Lyssacinosida,Euplectellidae,N/A,303,80,76,59
f198aa95-81a6-4229-aa24-ab807b65133e,1550.3499755859375,2.3919999599456787,1,Bathyraja spinosissima,species,1,Chordata,Elasmobranchii,Rajiformes,Arhynchobatidae,Bathyraja,103,136,451,113
b1043bea-246e-464f-88ed-22cbd742a28e,1549.719970703125,2.3919999599456787,1,Bathyraja spinosissima,species,1,Chordata,Elasmobranchii,Rajiformes,Arhynchobatidae,Bathyraja,209,217,344,96
e2498cb3-1430-4a4b-b5ab-8ac1f3632e15,2386.919921875,1.8240000009536743,1,Hymenaster,genus,1,Echinodermata,Asteroidea,Velatida,Pterasteridae,Hymenaster,253,60,96,137
d6db282c-d61e-4c0b-9984-6807141dc832,2302.1201171875,1.8609999418258667,1,Synallactes,genus,1,Echinodermata,Holothuroidea,Synallactida,Synallactidae,Synallactes,495,367,52,85
d25cfb7b-3f82-4c9e-9df8-a299c783b8fd,1717.97998046875,2.1579999923706055,1,Peniagone,genus,1,Echinodermata,Holothuroidea,Elasipodida,Elpidiidae,Peniagone,181,167,48,30
f2deccc4-9e5f-4f2c-a8bf-899a1517a4dd,2307.840087890625,1.8600000143051147,1,Synallactes,genus,1,Echinodermata,Holothuroidea,Synallactida,Synallactidae,Synallactes,267,137,16,29
3aa7072f-9f55-449c-b4dd-b8d54609bbb4,2339.1298828125,1.8660000562667847,1,Antimora microlepis,species,1,Chordata,Teleostei,Gadiformes,Moridae,Antimora,162,54,394,202
d4d8c9f3-fc3c-479a-8f5a-ac10521fbabd,1484.93994140625,2.4059998989105225,2,Coryphaenoides,genus,1,Chordata,Teleostei,Gadiformes,Macrouridae,Coryphaenoides,449,239,123,127
d4d8c9f3-fc3c-479a-8f5a-ac10521fbabd,1484.93994140625,2.4059998989105225,2,Asteroidea,class,1,Echinodermata,Asteroidea,N/A,N/A,N/A,274,246,41,50
9ce237b9-c2f6-487b-9a48-015a0fc82ca7,2302.510009765625,1.8630000352859497,1,Synallactes,genus,1,Echinodermata,Holothuroidea,Synallactida,Synallactidae,Synallactes,290,315,20,34
28d8fe07-fb5b-4431-854a-0d4ed60313c8,1922.260009765625,2.0199999809265137,1,Paragorgia arborea,species,1,Cnidaria,Octocorallia,Scleralcyonacea,Coralliidae,Paragorgia,212,123,57,39
207e8e0e-f48a-40da-8e68-e6802016c275,1716.760009765625,2.188999891281128,2,Antimora microlepis,species,1,Chordata,Teleostei,Gadiformes,Moridae,Antimora,404,28,278,131
207e8e0e-f48a-40da-8e68-e6802016c275,1716.760009765625,2.188999891281128,2,Octocorallia,class,1,Cnidaria,Octocorallia,N/A,N/A,N/A,167,210,28,31
ed61f54a-4935-4ca0-8096-355768c46eab,1532.43994140625,2.365999937057495,4,Cystechinus giganteus,species,1,Echinodermata,Echinoidea,Holasteroida,Urechinidae,Cystechinus,324,152,234,180
ed61f54a-4935-4ca0-8096-355768c46eab,1532.43994140625,2.365999937057495,4,Ophiuroidea,class,1,Echinodermata,Ophiuroidea,N/A,N/A,N/A,144,4,108,73
ed61f54a-4935-4ca0-8096-355768c46eab,1532.43994140625,2.365999937057495,4,Ophiuroidea,class,1,Echinodermata,Ophiuroidea,N/A,N/A,N/A,81,209,183,103
ed61f54a-4935-4ca0-8096-355768c46eab,1532.43994140625,2.365999937057495,4,Ophiuroidea,class,1,Echinodermata,Ophiuroidea,N/A,N/A,N/A,613,279,106,76
e61a8e4b-8a1c-4311-8c52-53308deb464e,1714.3399658203125,2.1480000019073486,1,Coryphaenoides acrolepis,species,1,Chordata,Teleostei,Gadiformes,Macrouridae,Coryphaenoides,222,324,227,66
26586708-a08b-4a6b-bd31-0251627c918c,2248.320068359375,1.8650000095367432,1,Synallactes,genus,1,Echinodermata,Holothuroidea,Synallactida,Synallactidae,Synallactes,302,424,58,25
b0846205-0ba9-45ec-a60f-e2aab2d1f2bc,1491.3900146484375,2.3949999809265137,1,Antimora microlepis,species,1,Chordata,Teleostei,Gadiformes,Moridae,Antimora,100,41,205,85
d62df391-e837-40ed-8f16-fbeef34a1789,2309.179931640625,1.8630000352859497,2,Synallactes,genus,1,Echinodermata,Holothuroidea,Synallactida,Synallactidae,Synallactes,375,404,16,36
d62df391-e837-40ed-8f16-fbeef34a1789,2309.179931640625,1.8630000352859497,2,Synallactes,genus,1,Echinodermata,Holothuroidea,Synallactida,Synallactidae,Synallactes,409,397,33,35
c1211b39-af32-4ce0-8629-b9f237b8266b,1500.8800048828125,2.4030001163482666,1,Antimora microlepis,species,1,Chordata,Teleostei,Gadiformes,Moridae,Antimora,506,115,77,83
63e493c9-2759-4ad8-a296-53ac09e4c332,2149.97998046875,1.930999994277954,1,Asellota,suborder,1,Arthropoda,Malacostraca,Isopoda,N/A,N/A,276,92,94,95
372051d3-ca43-43e6-a8c5-a0c92fb595f3,1817.260009765625,2.0940001010894775,20,Zoantharia,order,1,Cnidaria,Hexacorallia,Zoantharia,N/A,N/A,620,119,48,51
372051d3-ca43-43e6-a8c5-a0c92fb595f3,1817.260009765625,2.0940001010894775,20,Zoantharia,order,1,Cnidaria,Hexacorallia,Zoantharia,N/A,N/A,300,51,47,43
372051d3-ca43-43e6-a8c5-a0c92fb595f3,1817.260009765625,2.0940001010894775,20,Zoantharia,order,1,Cnidaria,Hexacorallia,Zoantharia,N/A,N/A,256,208,49,52
372051d3-ca43-43e6-a8c5-a0c92fb595f3,1817.260009765625,2.0940001010894775,20,Zoantharia,order,1,Cnidaria,Hexacorallia,Zoantharia,N/A,N/A,430,234,44,49
372051d3-ca43-43e6-a8c5-a0c92fb595f3,1817.260009765625,2.0940001010894775,20,Zoantharia,order,1,Cnidaria,Hexacorallia,Zoantharia,N/A,N/A,525,160,39,35
372051d3-ca43-43e6-a8c5-a0c92fb595f3,1817.260009765625,2.0940001010894775,20,Zoantharia,order,1,Cnidaria,Hexacorallia,Zoantharia,N/A,N/A,370,189,36,38
372051d3-ca43-43e6-a8c5-a0c92fb595f3,1817.260009765625,2.0940001010894775,20,Galatheoidea,superfamily,1,Arthropoda,Malacostraca,Decapoda,N/A,N/A,128,13,137,84
372051d3-ca43-43e6-a8c5-a0c92fb595f3,1817.260009765625,2.0940001010894775,20,Zoantharia,order,1,Cnidaria,Hexacorallia,Zoantharia,N/A,N/A,89,318,40,39
372051d3-ca43-43e6-a8c5-a0c92fb595f3,1817.260009765625,2.0940001010894775,20,Zoantharia,order,1,Cnidaria,Hexacorallia,Zoantharia,N/A,N/A,402,245,29,47
372051d3-ca43-43e6-a8c5-a0c92fb595f3,1817.260009765625,2.0940001010894775,20,Zoantharia,order,1,Cnidaria,Hexacorallia,Zoantharia,N/A,N/A,465,288,35,31
372051d3-ca43-43e6-a8c5-a0c92fb595f3,1817.260009765625,2.0940001010894775,20,Zoantharia,order,1,Cnidaria,Hexacorallia,Zoantharia,N/A,N/A,635,83,38,32
372051d3-ca43-43e6-a8c5-a0c92fb595f3,1817.260009765625,2.0940001010894775,20,Zoantharia,order,1,Cnidaria,Hexacorallia,Zoantharia,N/A,N/A,592,238,35,40
372051d3-ca43-43e6-a8c5-a0c92fb595f3,1817.260009765625,2.0940001010894775,20,Zoantharia,order,1,Cnidaria,Hexacorallia,Zoantharia,N/A,N/A,564,331,38,36
372051d3-ca43-43e6-a8c5-a0c92fb595f3,1817.260009765625,2.0940001010894775,20,Zoantharia,order,1,Cnidaria,Hexacorallia,Zoantharia,N/A,N/A,511,246,29,31
372051d3-ca43-43e6-a8c5-a0c92fb595f3,1817.260009765625,2.0940001010894775,20,Zoantharia,order,1,Cnidaria,Hexacorallia,Zoantharia,N/A,N/A,365,6,48,47
372051d3-ca43-43e6-a8c5-a0c92fb595f3,1817.260009765625,2.0940001010894775,20,Zoantharia,order,1,Cnidaria,Hexacorallia,Zoantharia,N/A,N/A,378,291,57,53
372051d3-ca43-43e6-a8c5-a0c92fb595f3,1817.260009765625,2.0940001010894775,20,Zoantharia,order,1,Cnidaria,Hexacorallia,Zoantharia,N/A,N/A,490,304,43,41
372051d3-ca43-43e6-a8c5-a0c92fb595f3,1817.260009765625,2.0940001010894775,20,Zoantharia,order,1,Cnidaria,Hexacorallia,Zoantharia,N/A,N/A,449,22,67,60
372051d3-ca43-43e6-a8c5-a0c92fb595f3,1817.260009765625,2.0940001010894775,20,Zoantharia,order,1,Cnidaria,Hexacorallia,Zoantharia,N/A,N/A,531,325,30,32
372051d3-ca43-43e6-a8c5-a0c92fb595f3,1817.260009765625,2.0940001010894775,20,Zoantharia,order,1,Cnidaria,Hexacorallia,Zoantharia,N/A,N/A,438,305,33,45
fd008e42-e8b8-4b55-9d23-4e23b9d9e2ca,1666.6800537109375,2.1689999103546143,1,Chionoecetes tanneri,species,1,Arthropoda,Malacostraca,Decapoda,Oregoniidae,Chionoecetes,193,120,36,40
86408189-0ffa-48e9-b27a-18af0413d805,1670.6700439453125,2.188999891281128,1,Paragorgia arborea,species,1,Cnidaria,Octocorallia,Scleralcyonacea,Coralliidae,Paragorgia,0,1,719,364
b110ea1e-3c9f-41d9-b371-d5cd3ef6d08c,2337.2900390625,1.8650000095367432,1,Coryphaenoides,genus,1,Chordata,Teleostei,Gadiformes,Macrouridae,Coryphaenoides,431,80,97,108
1c8a72dd-2e3f-4f1f-b687-790d589a9dc0,2324.85009765625,1.8660000562667847,2,Synallactes,genus,1,Echinodermata,Holothuroidea,Synallactida,Synallactidae,Synallactes,286,263,18,20
1c8a72dd-2e3f-4f1f-b687-790d589a9dc0,2324.85009765625,1.8660000562667847,2,Synallactes,genus,1,Echinodermata,Holothuroidea,Synallactida,Synallactidae,Synallactes,204,320,30,32
b44b49a4-5760-42bc-81cf-c4e6ac3b3928,,1.8209999799728394,2,Octocorallia,class,1,Cnidaria,Octocorallia,N/A,N/A,N/A,130,186,86,61
b44b49a4-5760-42bc-81cf-c4e6ac3b3928,,1.8209999799728394,2,Chrysogorgia,genus,1,Cnidaria,Octocorallia,Scleralcyonacea,Chrysogorgiidae,Chrysogorgia,420,150,55,120
6312278a-c982-45c4-a4a0-e02de7fd5b27,1449.449951171875,2.4100000858306885,1,Solmissus,genus,1,Cnidaria,Hydrozoa,Narcomedusae,Cuninidae,Solmissus,403,120,69,64
55dd270f-6fc2-434d-9745-c8bad851eb67,2306.2099609375,1.847000002861023,2,Synallactes,genus,1,Echinodermata,Holothuroidea,Synallactida,Synallactidae,Synallactes,482,299,58,38
55dd270f-6fc2-434d-9745-c8bad851eb67,2306.2099609375,1.847000002861023,2,Synallactes,genus,1,Echinodermata,Holothuroidea,Synallactida,Synallactidae,Synallactes,534,233,77,52
9e2514d3-0f76-4e48-85f6-f1f945b1037f,2284.7099609375,1.8569999933242798,1,Synallactes,genus,1,Echinodermata,Holothuroidea,Synallactida,Synallactidae,Synallactes,648,365,53,35
99378616-53dd-410a-8758-43eb7ef5a595,2320.97998046875,1.8700000047683716,1,Antimora microlepis,species,1,Chordata,Teleostei,Gadiformes,Moridae,Antimora,271,121,27,55
a734ce6e-43e5-4b58-82cc-e41b7c79e35a,1521.949951171875,2.384000062942505,1,Macrouridae,family,1,Chordata,Teleostei,Gadiformes,Macrouridae,N/A,245,3,52,87
1bec787f-0fdd-4956-9d74-2aea731011aa,1541.3599853515625,2.3929998874664307,1,Opisthoteuthis cf. californiana,species,0,Mollusca,Cephalopoda,Octopoda,Opisthoteuthidae,Opisthoteuthis,371,37,108,109
78ab5828-326d-4d43-9ce6-a62d44a9bc98,2296.639892578125,1.8569999933242798,1,Coryphaenoides,genus,1,Chordata,Teleostei,Gadiformes,Macrouridae,Coryphaenoides,316,100,59,59
d7fde19e-625e-41de-a490-e66ac001c583,812.8300170898438,3.693000078201294,2,Bargmannia elongata,species,1,Cnidaria,Hydrozoa,Siphonophorae,Pyrostephidae,Bargmannia,1582,1,335,187
d7fde19e-625e-41de-a490-e66ac001c583,812.8300170898438,3.693000078201294,2,Bargmannia elongata,species,1,Cnidaria,Hydrozoa,Siphonophorae,Pyrostephidae,Bargmannia,1578,6,182,59
4ddd8fc7-b312-492e-9ca5-6d6f5d9c0300,1542.97998046875,2.3919999599456787,1,Opisthoteuthis cf. californiana,species,0,Mollusca,Cephalopoda,Octopoda,Opisthoteuthidae,Opisthoteuthis,215,12,382,335
46c88442-5c0c-49f7-851b-6e198cf53f35,2248.489990234375,1.8559999465942383,1,Synallactes,genus,1,Echinodermata,Holothuroidea,Synallactida,Synallactidae,Synallactes,447,353,46,48
f80df831-7d97-4084-90e3-e3ed4261e408,2242.1298828125,1.8329999446868896,1,Chrysogorgia,genus,1,Cnidaria,Octocorallia,Scleralcyonacea,Chrysogorgiidae,Chrysogorgia,428,163,127,56
de4b3cb3-3aff-474d-8fc4-1a356a81da3f,1784.43994140625,2.1519999504089355,1,Antimora microlepis,species,1,Chordata,Teleostei,Gadiformes,Moridae,Antimora,141,200,67,21
127683e5-b4af-4f77-a031-5c57b9bd06c8,2429.780029296875,1.8200000524520874,24,Zoantharia,order,1,Cnidaria,Hexacorallia,Zoantharia,N/A,N/A,382,167,19,21
127683e5-b4af-4f77-a031-5c57b9bd06c8,2429.780029296875,1.8200000524520874,24,Zoantharia,order,1,Cnidaria,Hexacorallia,Zoantharia,N/A,N/A,469,194,17,16
127683e5-b4af-4f77-a031-5c57b9bd06c8,2429.780029296875,1.8200000524520874,24,Zoantharia,order,1,Cnidaria,Hexacorallia,Zoantharia,N/A,N/A,604,300,18,15
127683e5-b4af-4f77-a031-5c57b9bd06c8,2429.780029296875,1.8200000524520874,24,Zoantharia,order,1,Cnidaria,Hexacorallia,Zoantharia,N/A,N/A,346,185,18,19
127683e5-b4af-4f77-a031-5c57b9bd06c8,2429.780029296875,1.8200000524520874,24,Zoantharia,order,1,Cnidaria,Hexacorallia,Zoantharia,N/A,N/A,542,245,18,17
127683e5-b4af-4f77-a031-5c57b9bd06c8,2429.780029296875,1.8200000524520874,24,Zoantharia,order,1,Cnidaria,Hexacorallia,Zoantharia,N/A,N/A,507,205,13,16
127683e5-b4af-4f77-a031-5c57b9bd06c8,2429.780029296875,1.8200000524520874,24,Zoantharia,order,1,Cnidaria,Hexacorallia,Zoantharia,N/A,N/A,292,219,13,13
127683e5-b4af-4f77-a031-5c57b9bd06c8,2429.780029296875,1.8200000524520874,24,Zoantharia,order,1,Cnidaria,Hexacorallia,Zoantharia,N/A,N/A,521,235,15,15
127683e5-b4af-4f77-a031-5c57b9bd06c8,2429.780029296875,1.8200000524520874,24,Zoantharia,order,1,Cnidaria,Hexacorallia,Zoantharia,N/A,N/A,293,184,17,21
127683e5-b4af-4f77-a031-5c57b9bd06c8,2429.780029296875,1.8200000524520874,24,Zoantharia,order,1,Cnidaria,Hexacorallia,Zoantharia,N/A,N/A,436,253,15,17
127683e5-b4af-4f77-a031-5c57b9bd06c8,2429.780029296875,1.8200000524520874,24,Zoantharia,order,1,Cnidaria,Hexacorallia,Zoantharia,N/A,N/A,342,128,18,15
127683e5-b4af-4f77-a031-5c57b9bd06c8,2429.780029296875,1.8200000524520874,24,Zoantharia,order,1,Cnidaria,Hexacorallia,Zoantharia,N/A,N/A,323,195,19,23
127683e5-b4af-4f77-a031-5c57b9bd06c8,2429.780029296875,1.8200000524520874,24,Zoantharia,order,1,Cnidaria,Hexacorallia,Zoantharia,N/A,N/A,413,81,18,19
127683e5-b4af-4f77-a031-5c57b9bd06c8,2429.780029296875,1.8200000524520874,24,Zoantharia,order,1,Cnidaria,Hexacorallia,Zoantharia,N/A,N/A,256,200,17,18
127683e5-b4af-4f77-a031-5c57b9bd06c8,2429.780029296875,1.8200000524520874,24,Zoantharia,order,1,Cnidaria,Hexacorallia,Zoantharia,N/A,N/A,278,185,13,18
127683e5-b4af-4f77-a031-5c57b9bd06c8,2429.780029296875,1.8200000524520874,24,Zoantharia,order,1,Cnidaria,Hexacorallia,Zoantharia,N/A,N/A,463,140,15,18
127683e5-b4af-4f77-a031-5c57b9bd06c8,2429.780029296875,1.8200000524520874,24,Zoantharia,order,1,Cnidaria,Hexacorallia,Zoantharia,N/A,N/A,638,341,12,19
127683e5-b4af-4f77-a031-5c57b9bd06c8,2429.780029296875,1.8200000524520874,24,Zoantharia,order,1,Cnidaria,Hexacorallia,Zoantharia,N/A,N/A,285,211,11,15
127683e5-b4af-4f77-a031-5c57b9bd06c8,2429.780029296875,1.8200000524520874,24,Zoantharia,order,1,Cnidaria,Hexacorallia,Zoantharia,N/A,N/A,391,100,18,17
127683e5-b4af-4f77-a031-5c57b9bd06c8,2429.780029296875,1.8200000524520874,24,Zoantharia,order,1,Cnidaria,Hexacorallia,Zoantharia,N/A,N/A,295,226,17,20
127683e5-b4af-4f77-a031-5c57b9bd06c8,2429.780029296875,1.8200000524520874,24,Zoantharia,order,1,Cnidaria,Hexacorallia,Zoantharia,N/A,N/A,372,200,20,16
127683e5-b4af-4f77-a031-5c57b9bd06c8,2429.780029296875,1.8200000524520874,24,Zoantharia,order,1,Cnidaria,Hexacorallia,Zoantharia,N/A,N/A,372,165,14,22
127683e5-b4af-4f77-a031-5c57b9bd06c8,2429.780029296875,1.8200000524520874,24,Zoantharia,order,1,Cnidaria,Hexacorallia,Zoantharia,N/A,N/A,557,256,13,23
127683e5-b4af-4f77-a031-5c57b9bd06c8,2429.780029296875,1.8200000524520874,24,Zoantharia,order,1,Cnidaria,Hexacorallia,Zoantharia,N/A,N/A,438,164,21,18
e289635c-44d9-4313-8309-5b1ce19f80ae,2195.469970703125,1.8700000047683716,1,Coryphaenoides acrolepis,species,1,Chordata,Teleostei,Gadiformes,Macrouridae,Coryphaenoides,320,178,74,76
65c38476-2c6d-4e54-89f9-3777a147490c,1549.5699462890625,2.3929998874664307,1,Bathyraja spinosissima,species,1,Chordata,Elasmobranchii,Rajiformes,Arhynchobatidae,Bathyraja,0,2,718,355
f727209f-3b4c-49e9-ac26-f744a4cbe2d8,2252.929931640625,1.8389999866485596,1,Ophiuroidea,class,1,Echinodermata,Ophiuroidea,N/A,N/A,N/A,219,200,92,59
65c1781d-359f-4b1a-ad4b-0ac479e238d5,2429.31005859375,1.8179999589920044,1,Zoantharia,order,1,Cnidaria,Hexacorallia,Zoantharia,N/A,N/A,348,234,12,16
8a5a33af-5ce4-4749-99b5-be9b3a4a8320,1477.6300048828125,2.4049999713897705,1,Coryphaenoides,genus,1,Chordata,Teleostei,Gadiformes,Macrouridae,Coryphaenoides,31,253,156,48
dfaa4b8b-c560-4510-b3bc-459a6aac378d,1485.3199462890625,2.4130001068115234,1,Antimora microlepis,species,1,Chordata,Teleostei,Gadiformes,Moridae,Antimora,6,196,63,32
f5a31f29-cd3e-45e9-9816-6f694ed964ef,1474.8599853515625,2.4079999923706055,1,Pannychia moseleyi,species,1,Echinodermata,Holothuroidea,Elasipodida,Laetmogonidae,Pannychia,564,195,91,134
1dd8a3f7-cbd5-460e-b9cf-9c945db23b0f,1523.5400390625,2.375999927520752,3,Ophiuroidea,class,1,Echinodermata,Ophiuroidea,N/A,N/A,N/A,673,249,23,28
1dd8a3f7-cbd5-460e-b9cf-9c945db23b0f,1523.5400390625,2.375999927520752,3,Ophiuroidea,class,1,Echinodermata,Ophiuroidea,N/A,N/A,N/A,563,62,26,29
1dd8a3f7-cbd5-460e-b9cf-9c945db23b0f,1523.5400390625,2.375999927520752,3,Ophiuroidea,class,1,Echinodermata,Ophiuroidea,N/A,N/A,N/A,563,216,25,24
091feafa-3b36-4d99-a7f6-ed76675a0277,1549.469970703125,2.3919999599456787,1,Bathyraja spinosissima,species,1,Chordata,Elasmobranchii,Rajiformes,Arhynchobatidae,Bathyraja,221,23,299,289
18e1c8a3-6569-4b6a-a176-918214424ad7,2286.199951171875,1.8630000352859497,1,Synallactes,genus,1,Echinodermata,Holothuroidea,Synallactida,Synallactidae,Synallactes,197,169,35,14
aa1f4685-66d1-47ab-9e86-5f8a4011dd40,2195.0400390625,1.8700000047683716,1,Coryphaenoides acrolepis,species,1,Chordata,Teleostei,Gadiformes,Macrouridae,Coryphaenoides,268,433,143,51
3e00f514-e264-4573-9b01-b754fd66cee2,1511.81005859375,2.4159998893737793,1,Coryphaenoides acrolepis,species,1,Chordata,Teleostei,Gadiformes,Macrouridae,Coryphaenoides,216,241,51,25
0c448dd3-51bb-478c-b1db-a8ac617cf7b5,2502.260009765625,1.7990000247955322,1,Hymenaster,genus,1,Echinodermata,Asteroidea,Velatida,Pterasteridae,Hymenaster,318,34,171,160
12aaac9b-28bc-40a0-aa29-b3627c84711e,2149.969970703125,1.930999994277954,1,Asellota,suborder,1,Arthropoda,Malacostraca,Isopoda,N/A,N/A,519,139,58,44
1e6902f6-6cc8-448a-b716-5201402c243c,1540.9300537109375,2.443000078201294,1,Cystechinus giganteus,species,1,Echinodermata,Echinoidea,Holasteroida,Urechinidae,Cystechinus,73,264,39,28
dccb7ec6-67a9-462d-84e1-637cc39c25a3,1473.010009765625,2.4170000553131104,1,Opisthoteuthis cf. californiana,species,0,Mollusca,Cephalopoda,Octopoda,Opisthoteuthidae,Opisthoteuthis,410,124,120,93
bb9f0d74-051b-4787-a9b0-f283077d273f,1719.3199462890625,2.1649999618530273,1,Paragorgia arborea,species,1,Cnidaria,Octocorallia,Scleralcyonacea,Coralliidae,Paragorgia,84,43,393,256
661771f2-7231-423d-b5e6-eecae59a4414,2166.739990234375,1.9229999780654907,1,Munidopsis,genus,1,Arthropoda,Malacostraca,Decapoda,Munidopsidae,Munidopsis,433,296,25,22
0fca4ae6-3c42-40d8-9d15-b7740fbaca16,2260.110107421875,1.840999960899353,1,manipulator,unknown,1,N/A,N/A,N/A,N/A,N/A,7,1,259,294
1ed3fe06-cfd9-4375-8021-650112160a2b,2453.449951171875,1.7979999780654907,1,Antimora microlepis,species,1,Chordata,Teleostei,Gadiformes,Moridae,Antimora,378,112,187,177
741beb20-3022-4fe4-a9a3-741a304eca15,2230.4599609375,1.8919999599456787,1,Bathyraja spinosissima,species,1,Chordata,Elasmobranchii,Rajiformes,Arhynchobatidae,Bathyraja,199,99,466,167
d5cea595-a653-4ebd-9d54-752ea1530b74,2361.6201171875,1.8509999513626099,3,Ophiuroidea,class,1,Echinodermata,Ophiuroidea,N/A,N/A,N/A,542,246,37,48
d5cea595-a653-4ebd-9d54-752ea1530b74,2361.6201171875,1.8509999513626099,3,Holothuroidea,class,1,Echinodermata,Holothuroidea,N/A,N/A,N/A,498,218,43,40
d5cea595-a653-4ebd-9d54-752ea1530b74,2361.6201171875,1.8509999513626099,3,Macrouridae,family,1,Chordata,Teleostei,Gadiformes,Macrouridae,N/A,390,356,167,93
06bd1304-4450-4eca-bc8a-8329365da0c4,2448.89990234375,1.8179999589920044,1,Chrysogorgia,genus,1,Cnidaria,Octocorallia,Scleralcyonacea,Chrysogorgiidae,Chrysogorgia,275,90,201,243
78026949-b615-4ada-9036-111b4be70b46,1477.9200439453125,2.3989999294281006,1,Pannychia moseleyi,species,1,Echinodermata,Holothuroidea,Elasipodida,Laetmogonidae,Pannychia,164,80,258,164
c3a5f2d5-ec70-4130-9028-470e601fbf2a,1423.6500244140625,2.5510001182556152,1,Bargmannia lata,species,1,Cnidaria,Hydrozoa,Siphonophorae,Pyrostephidae,Bargmannia,1444,378,74,693
515be2d2-e6cd-4b6a-9e4a-42503f088388,1512.9300537109375,2.436000108718872,1,Opisthoteuthis cf. californiana,species,0,Mollusca,Cephalopoda,Octopoda,Opisthoteuthidae,Opisthoteuthis,398,3,282,232
656f1397-2962-48f3-b2f0-6d2c9930d788,2366.81005859375,1.8309999704360962,1,Tunicata,genus,1,Chordata,N/A,N/A,N/A,Tunica,283,291,58,40
7e63d3ea-9f79-4732-a64d-a953e1f32891,1546.510009765625,2.4519999027252197,1,Bathyraja abyssicola,species,1,Chordata,Elasmobranchii,Rajiformes,Arhynchobatidae,Bathyraja,220,159,194,148
3bbed6ab-617b-4fa0-9b89-07bf1f242bd0,2287.159912109375,1.8960000276565552,1,Bathyraja microtrachys,species,1,Chordata,Elasmobranchii,Rajiformes,Arhynchobatidae,Bathyraja,20,94,68,26
23e9dc62-7585-4494-9728-597c2020de79,1713.9200439453125,2.1510000228881836,1,Hymenaster,genus,1,Echinodermata,Asteroidea,Velatida,Pterasteridae,Hymenaster,120,216,419,193
48f8a004-973f-44c4-aad7-58069b156a0d,1512.8800048828125,2.3980000019073486,1,Coryphaenoides,genus,1,Chordata,Teleostei,Gadiformes,Macrouridae,Coryphaenoides,351,268,118,74
a8b47b61-389d-480a-840e-e10b6737316b,2264.43994140625,1.840000033378601,1,Antimora microlepis,species,1,Chordata,Teleostei,Gadiformes,Moridae,Antimora,230,202,102,61
e9a03730-e716-4497-a265-800812f09abb,2267.429931640625,1.8530000448226929,1,Antimora microlepis,species,1,Chordata,Teleostei,Gadiformes,Moridae,Antimora,438,13,281,163
7e8d4feb-e26a-4d9c-9246-cfe369da2a74,2208.080078125,1.86899995803833,1,Synallactes,genus,1,Echinodermata,Holothuroidea,Synallactida,Synallactidae,Synallactes,91,232,41,38
cae70be6-7fd2-4703-940f-e1f5b4d43f74,1513.43994140625,2.4189999103546143,1,Coryphaenoides,genus,1,Chordata,Teleostei,Gadiformes,Macrouridae,Coryphaenoides,81,43,334,115
3c9798e8-18b7-48e8-89fd-a302c7cb1617,1670.260009765625,2.188999891281128,1,Paragorgia arborea,species,1,Cnidaria,Octocorallia,Scleralcyonacea,Coralliidae,Paragorgia,171,1,548,364
fc4f0300-8602-4b52-bf31-e400ff4aecf7,2324.889892578125,1.8609999418258667,1,Siphonophorae,order,1,Cnidaria,Hydrozoa,Siphonophorae,N/A,N/A,59,116,395,367
82de0982-5578-4497-96c6-8ab097b0741b,1542.97998046875,2.3929998874664307,1,Opisthoteuthis cf. californiana,species,0,Mollusca,Cephalopoda,Octopoda,Opisthoteuthidae,Opisthoteuthis,328,133,250,221
92b34183-4599-4dc5-9b8c-9afee015b67e,2207.340087890625,1.8739999532699585,1,Synallactidae,family,1,Echinodermata,Holothuroidea,Synallactida,Synallactidae,N/A,492,274,22,20
0e959176-7522-417a-92b3-00571c073b13,1719.3299560546875,2.1649999618530273,1,Paragorgia arborea,species,1,Cnidaria,Octocorallia,Scleralcyonacea,Coralliidae,Paragorgia,103,95,380,247
7282f04a-da91-4032-b03d-179e5a301899,2452.77001953125,1.8170000314712524,1,Hymenaster,genus,1,Echinodermata,Asteroidea,Velatida,Pterasteridae,Hymenaster,309,144,180,187
2b6ff1bc-6061-4ae5-9f46-7f80408a286d,2362.949951171875,1.8519999980926514,1,Crossaster borealis,species,1,Echinodermata,Asteroidea,Valvatida,Solasteridae,Crossaster,350,274,89,64
77f98200-7ead-4bab-add0-b7636446794c,1477.8800048828125,2.3989999294281006,1,Pannychia moseleyi,species,1,Echinodermata,Holothuroidea,Elasipodida,Laetmogonidae,Pannychia,100,83,248,170
d3657b60-e7e2-4b67-b3cf-f180958ed243,2358.300048828125,1.850000023841858,1,Antimora microlepis,species,1,Chordata,Teleostei,Gadiformes,Moridae,Antimora,72,270,128,160
56d75631-464f-46b7-8d47-2269a557dbf3,2355.030029296875,1.8270000219345093,1,Munnopsidae,family,1,Arthropoda,Malacostraca,Isopoda,Munnopsidae,N/A,367,198,41,63
6a3b7c16-dc62-4ff7-b0e2-bcffde6bacbd,2246.830078125,1.8539999723434448,1,Synallactes,genus,1,Echinodermata,Holothuroidea,Synallactida,Synallactidae,Synallactes,532,222,32,13
a451d823-717b-41dd-8f11-bca1a617ca82,2431.030029296875,1.8179999589920044,1,Pteraster,genus,1,Echinodermata,Asteroidea,Velatida,Pterasteridae,Pteraster,357,83,58,64
7574f68e-49ce-4123-a92e-1b1b43644e0e,1669.68994140625,2.184999942779541,1,Paragorgia arborea,species,1,Cnidaria,Octocorallia,Scleralcyonacea,Coralliidae,Paragorgia,256,1,132,215
d0f70369-b620-4218-881f-b0774b844252,2206.68994140625,1.86899995803833,2,Synallactes,genus,1,Echinodermata,Holothuroidea,Synallactida,Synallactidae,Synallactes,389,432,54,26
d0f70369-b620-4218-881f-b0774b844252,2206.68994140625,1.86899995803833,2,Synallactes,genus,1,Echinodermata,Holothuroidea,Synallactida,Synallactidae,Synallactes,320,425,33,45
26393f1f-d85e-45b1-ad07-47e82d3dad23,2300.1298828125,1.8630000352859497,1,Antimora microlepis,species,1,Chordata,Teleostei,Gadiformes,Moridae,Antimora,303,56,121,61
49f8eddb-5ee3-40ed-b536-89a52172563f,1560.0400390625,2.4200000762939453,6,Coryphaenoides,genus,1,Chordata,Teleostei,Gadiformes,Macrouridae,Coryphaenoides,345,174,145,73
49f8eddb-5ee3-40ed-b536-89a52172563f,1560.0400390625,2.4200000762939453,6,talus,unknown,1,N/A,N/A,N/A,N/A,N/A,266,286,78,76
49f8eddb-5ee3-40ed-b536-89a52172563f,1560.0400390625,2.4200000762939453,6,talus,unknown,1,N/A,N/A,N/A,N/A,N/A,204,29,78,76
49f8eddb-5ee3-40ed-b536-89a52172563f,1560.0400390625,2.4200000762939453,6,talus,unknown,1,N/A,N/A,N/A,N/A,N/A,509,47,89,90
49f8eddb-5ee3-40ed-b536-89a52172563f,1560.0400390625,2.4200000762939453,6,talus,unknown,1,N/A,N/A,N/A,N/A,N/A,271,219,124,57
49f8eddb-5ee3-40ed-b536-89a52172563f,1560.0400390625,2.4200000762939453,6,talus,unknown,1,N/A,N/A,N/A,N/A,N/A,551,220,108,81
d7764b50-4715-470f-b43e-8d6810a3b57f,2033.5,1.9930000305175781,1,Solasteridae,genus,1,Echinodermata,Asteroidea,Valvatida,N/A,Solaster,53,65,21,18
520afa30-41c9-4f68-8a8b-abb61544b922,1550.280029296875,2.3919999599456787,1,Bathyraja spinosissima,species,1,Chordata,Elasmobranchii,Rajiformes,Arhynchobatidae,Bathyraja,94,136,408,110
85f39cfe-0173-4645-8994-e1389c54c88b,1527.81005859375,2.436000108718872,1,Coryphaenoides acrolepis,species,1,Chordata,Teleostei,Gadiformes,Macrouridae,Coryphaenoides,580,250,72,41
13341ec2-e241-48b4-bd6a-3fdd864dcbc7,2319.050048828125,1.88100004196167,1,Pteraster,genus,1,Echinodermata,Asteroidea,Velatida,Pterasteridae,Pteraster,507,134,17,16
f13d6e70-978d-40d2-bc0c-bd1b45c71f22,2203.139892578125,1.871999979019165,1,Coryphaenoides,genus,1,Chordata,Teleostei,Gadiformes,Macrouridae,Coryphaenoides,358,402,106,83
53188c63-a6f6-44ea-9043-1224317e4f4b,2368.489990234375,1.847000002861023,1,Isopoda,order,1,Arthropoda,Malacostraca,Isopoda,N/A,N/A,185,157,32,34
ba4ec967-e4b8-4cde-87ac-ae41bce3c842,1670.300048828125,2.191999912261963,1,Paragorgia arborea,species,1,Cnidaria,Octocorallia,Scleralcyonacea,Coralliidae,Paragorgia,0,1,619,363
d5cbfffd-8a95-4761-a8a6-efdb74f5d2c6,2036.5,1.9809999465942383,1,Pteraster,genus,1,Echinodermata,Asteroidea,Velatida,Pterasteridae,Pteraster,279,139,47,45
4caf2603-ce84-40e4-b44c-b2a78b07058d,1503.5400390625,2.4079999923706055,1,Cystechinus giganteus,species,1,Echinodermata,Echinoidea,Holasteroida,Urechinidae,Cystechinus,338,306,17,14
24dcc7ed-6c96-4c9c-8055-aace1258ddc1,2024.1700439453125,1.9049999713897705,1,Munidopsis,genus,1,Arthropoda,Malacostraca,Decapoda,Munidopsidae,Munidopsis,289,99,57,65
b59e5e78-6622-4a7c-8814-ef465006ccf0,1474.1700439453125,2.447000026702881,1,Coryphaenoides,genus,1,Chordata,Teleostei,Gadiformes,Macrouridae,Coryphaenoides,320,235,94,87
c07998d9-40ed-4912-bba8-d7e4035be786,1670.4200439453125,2.190999984741211,1,Paragorgia arborea,species,1,Cnidaria,Octocorallia,Scleralcyonacea,Coralliidae,Paragorgia,0,1,719,364
dd3280cc-2814-473b-995f-81208b690843,2267.820068359375,1.850000023841858,1,Antimora microlepis,species,1,Chordata,Teleostei,Gadiformes,Moridae,Antimora,226,108,198,241
ef21dbef-b552-44f5-847a-e2bb36ee6b7b,1541.4599609375,2.3929998874664307,1,Opisthoteuthis cf. californiana,species,0,Mollusca,Cephalopoda,Octopoda,Opisthoteuthidae,Opisthoteuthis,925,72,315,322
3e28ddac-13f1-4094-9aa9-126544fc68d0,1557.989990234375,2.2809998989105225,1,Psychrolutes phrictus,species,1,Chordata,Teleostei,Perciformes,Psychrolutidae,Psychrolutes,314,159,229,99
88bbf764-5a3d-4a8c-bb18-dbf2b7716208,1540.68994140625,2.3970000743865967,2,Cystechinus giganteus,species,1,Echinodermata,Echinoidea,Holasteroida,Urechinidae,Cystechinus,353,185,81,82
88bbf764-5a3d-4a8c-bb18-dbf2b7716208,1540.68994140625,2.3970000743865967,2,manipulator,unknown,1,N/A,N/A,N/A,N/A,N/A,87,89,264,161
63b47a62-6573-4bfc-96b1-e74be04ec19d,2357.43994140625,1.8320000171661377,1,Ophiuroidea,class,1,Echinodermata,Ophiuroidea,N/A,N/A,N/A,268,358,35,37
76e12e7b-d213-422c-9879-ff043843be0d,2366.14990234375,1.850000023841858,1,Pteraster,genus,1,Echinodermata,Asteroidea,Velatida,Pterasteridae,Pteraster,40,169,297,299
953991c0-70f4-4822-a7b6-51f2a8a60db5,1669.6700439453125,2.187000036239624,2,Paragorgia arborea,species,1,Cnidaria,Octocorallia,Scleralcyonacea,Coralliidae,Paragorgia,240,49,156,252
953991c0-70f4-4822-a7b6-51f2a8a60db5,1669.6700439453125,2.187000036239624,2,Paragorgia arborea,species,1,Cnidaria,Octocorallia,Scleralcyonacea,Coralliidae,Paragorgia,357,228,122,109
d14824f9-40e8-403b-a064-c9b6ace9ab92,2333.919921875,1.8539999723434448,1,Coryphaenoides,genus,1,Chordata,Teleostei,Gadiformes,Macrouridae,Coryphaenoides,448,341,40,42
68ce135f-af03-4081-bce4-11afc3764776,2388.2099609375,1.843999981880188,1,Hymenaster,genus,1,Echinodermata,Asteroidea,Velatida,Pterasteridae,Hymenaster,446,17,186,258
0119ae5f-0b36-48c1-875a-bb37907cec57,2225.800048828125,1.9079999923706055,1,Antimora microlepis,species,1,Chordata,Teleostei,Gadiformes,Moridae,Antimora,359,152,78,70
ff582fb9-e98f-4b9a-83d3-df276f5ab384,2296.169921875,1.8539999723434448,1,Antimora microlepis,species,1,Chordata,Teleostei,Gadiformes,Moridae,Antimora,356,267,123,97
07f19530-a0c3-4a49-ab20-77f65c576d60,2236.75,1.8289999961853027,1,Solasteridae,genus,1,Echinodermata,Asteroidea,Valvatida,N/A,Solaster,396,81,26,25
07e8edc6-46b0-4aa3-9251-aca3f50b754f,2300.0400390625,1.8630000352859497,1,Synallactes,genus,1,Echinodermata,Holothuroidea,Synallactida,Synallactidae,Synallactes,360,376,31,31
aa287465-854c-44bb-8ecd-a9f5ab0844b3,2230.3798828125,1.8680000305175781,1,Bathyraja spinosissima,species,1,Chordata,Elasmobranchii,Rajiformes,Arhynchobatidae,Bathyraja,85,171,571,234
f8783e54-b93c-4fd6-89ca-02354063b9de,2434.830078125,1.8029999732971191,1,Coryphaenoides,genus,1,Chordata,Teleostei,Gadiformes,Macrouridae,Coryphaenoides,289,271,96,68
dad27d25-2a59-4b02-8b41-e074fd998206,1469.449951171875,2.3440001010894775,1,Macrouridae,family,1,Chordata,Teleostei,Gadiformes,Macrouridae,N/A,82,123,50,70
309494da-69fe-4a8f-a07f-f1deccb6a251,2364.159912109375,1.8530000448226929,1,Crossaster borealis,species,1,Echinodermata,Asteroidea,Valvatida,Solasteridae,Crossaster,314,248,110,79
987cbdba-d97e-4a7c-91bf-637ad5b5af80,1510.699951171875,2.441999912261963,1,Pannychia moseleyi,species,1,Echinodermata,Holothuroidea,Elasipodida,Laetmogonidae,Pannychia,62,64,199,115
9c06ea82-3aae-4db5-a712-bf45d8f0bf6e,2287.1298828125,1.8450000286102295,1,Ceriantharia,order,1,Cnidaria,Hexacorallia,Ceriantharia,N/A,N/A,487,152,69,85
c07f9072-bb21-4591-b3a0-d6dd19b68a08,2306.330078125,1.8480000495910645,1,Peniagone,genus,1,Echinodermata,Holothuroidea,Elasipodida,Elpidiidae,Peniagone,317,371,43,30
28bb05db-f3a2-4d83-94df-84682e5d1def,1509.6600341796875,2.378999948501587,1,Ophiuroidea,class,1,Echinodermata,Ophiuroidea,N/A,N/A,N/A,491,39,211,142
746f8e88-87c3-45bd-994d-0645f0ba3be5,1302.75,2.8399999141693115,1,Solmissus,genus,1,Cnidaria,Hydrozoa,Narcomedusae,Cuninidae,Solmissus,1310,609,136,146
78e4d715-223f-4c2a-9c04-a611b2ba970d,2442.3701171875,1.8009999990463257,1,Synallactes,genus,1,Echinodermata,Holothuroidea,Synallactida,Synallactidae,Synallactes,152,387,48,61
89f52ffb-4ff2-460d-9534-64df47fdfc65,1817.0999755859375,2.0889999866485596,5,Cladorhizidae,family,1,Porifera,Demospongiae,Poecilosclerida,Cladorhizidae,N/A,275,284,15,27
89f52ffb-4ff2-460d-9534-64df47fdfc65,1817.0999755859375,2.0889999866485596,5,Hippasteria,genus,1,Echinodermata,Asteroidea,Valvatida,Goniasteridae,Hippasteria,333,209,42,41
89f52ffb-4ff2-460d-9534-64df47fdfc65,1817.0999755859375,2.0889999866485596,5,Cladorhizidae,family,1,Porifera,Demospongiae,Poecilosclerida,Cladorhizidae,N/A,258,289,22,24
89f52ffb-4ff2-460d-9534-64df47fdfc65,1817.0999755859375,2.0889999866485596,5,Cladorhizidae,family,1,Porifera,Demospongiae,Poecilosclerida,Cladorhizidae,N/A,173,307,16,27
89f52ffb-4ff2-460d-9534-64df47fdfc65,1817.0999755859375,2.0889999866485596,5,Cladorhizidae,family,1,Porifera,Demospongiae,Poecilosclerida,Cladorhizidae,N/A,235,259,17,28
865a6253-8bea-4c72-8795-c3e55c85842b,1478.4000244140625,2.4639999866485596,1,Opisthoteuthis cf. californiana,species,0,Mollusca,Cephalopoda,Octopoda,Opisthoteuthidae,Opisthoteuthis,307,215,107,71
161f160c-74a2-4e37-8602-dce75c29d120,1522.6800537109375,2.385999917984009,1,Pannychia,genus,1,Echinodermata,Holothuroidea,Elasipodida,Laetmogonidae,Pannychia,613,199,70,71
2da95db7-c637-49cd-aa8a-fb7e29384f9a,1489.0400390625,2.4260001182556152,1,Antimora microlepis,species,1,Chordata,Teleostei,Gadiformes,Moridae,Antimora,380,249,50,54
5de95318-7f63-4bab-a4cf-0b7139ee7aed,2325.389892578125,1.8619999885559082,1,Synallactes,genus,1,Echinodermata,Holothuroidea,Synallactida,Synallactidae,Synallactes,384,429,23,19
1ba6b4bd-f70c-4d88-822f-0edf2050fe5b,2361.169921875,1.8509999513626099,1,Pteraster,genus,1,Echinodermata,Asteroidea,Velatida,Pterasteridae,Pteraster,174,89,204,172
2d0a7146-59d9-46dc-bd6c-9947825bad0d,2332.5400390625,1.8619999885559082,1,Synallactes,genus,1,Echinodermata,Holothuroidea,Synallactida,Synallactidae,Synallactes,394,352,40,27
fa05f3eb-7df4-4be5-826b-0ffc193620f9,1669.68994140625,2.187999963760376,2,Paragorgia arborea,species,1,Cnidaria,Octocorallia,Scleralcyonacea,Coralliidae,Paragorgia,425,299,288,60
fa05f3eb-7df4-4be5-826b-0ffc193620f9,1669.68994140625,2.187999963760376,2,Paragorgia arborea,species,1,Cnidaria,Octocorallia,Scleralcyonacea,Coralliidae,Paragorgia,0,2,414,359
46563a77-107a-4795-8aa8-10584abbb2e4,1806.9100341796875,2.109999895095825,1,Coryphaenoides,genus,1,Chordata,Teleostei,Gadiformes,Macrouridae,Coryphaenoides,421,242,90,71
df799c77-f0a8-49e6-bf55-bd461df39bd4,2036.0899658203125,1.9809999465942383,2,Pteraster,genus,1,Echinodermata,Asteroidea,Velatida,Pterasteridae,Pteraster,303,153,39,40
df799c77-f0a8-49e6-bf55-bd461df39bd4,2036.0899658203125,1.9809999465942383,2,Swima bombiviridis,species,1,Annelida,Polychaeta,Terebellida,Acrocirridae,Swima,569,148,54,38
67aad265-8a88-4275-8e8c-fac22a989d28,2296.739990234375,1.8530000448226929,1,Antimora microlepis,species,1,Chordata,Teleostei,Gadiformes,Moridae,Antimora,85,121,402,349
4338fb19-5f5e-4157-8025-eb2f72452e49,1531.3800048828125,2.390000104904175,1,Bathyraja abyssicola,species,1,Chordata,Elasmobranchii,Rajiformes,Arhynchobatidae,Bathyraja,206,98,297,247
4666969d-a6a6-4e12-848b-79e0d39fec67,2209.699951171875,1.8660000562667847,1,Synallactes,genus,1,Echinodermata,Holothuroidea,Synallactida,Synallactidae,Synallactes,644,271,56,20
7a2d624a-d27f-4f80-931f-96a8e4dfbbc7,2225.110107421875,1.878000020980835,1,Synallactes,genus,1,Echinodermata,Holothuroidea,Synallactida,Synallactidae,Synallactes,305,101,17,29
63a1de4f-0fa5-438d-b9c8-2ed5bfc7a67c,2305.719970703125,1.8630000352859497,3,Octocorallia,class,1,Cnidaria,Octocorallia,N/A,N/A,N/A,167,163,105,171
63a1de4f-0fa5-438d-b9c8-2ed5bfc7a67c,2305.719970703125,1.8630000352859497,3,Pannychia,genus,1,Echinodermata,Holothuroidea,Elasipodida,Laetmogonidae,Pannychia,476,185,167,38
63a1de4f-0fa5-438d-b9c8-2ed5bfc7a67c,2305.719970703125,1.8630000352859497,3,Tunicata,genus,1,Chordata,N/A,N/A,N/A,Tunica,411,356,44,26
8f783faa-2772-406f-a8f3-806bba9ca2ab,2225.860107421875,1.86899995803833,1,Solasteridae,genus,1,Echinodermata,Asteroidea,Valvatida,N/A,Solaster,217,84,384,271
674c570c-52f5-4b5f-aab5-5710299df29c,1470.510009765625,2.4070000648498535,1,Psychrolutes phrictus,species,1,Chordata,Teleostei,Perciformes,Psychrolutidae,Psychrolutes,400,206,86,81
4d193119-f41f-4189-9676-242ab4a0f7e1,1489.3499755859375,2.427000045776367,2,Antimora microlepis,species,1,Chordata,Teleostei,Gadiformes,Moridae,Antimora,392,228,70,126
4d193119-f41f-4189-9676-242ab4a0f7e1,1489.3499755859375,2.427000045776367,2,Crinoidea,class,1,Echinodermata,Crinoidea,N/A,N/A,N/A,587,300,40,33
3e0f92d9-b8c3-4c0b-9865-fa0ff39bcb36,1931.9300537109375,2.0230000019073486,1,Solasteridae,genus,1,Echinodermata,Asteroidea,Valvatida,N/A,Solaster,527,115,14,21
6b4f0660-d7ad-4e96-a7c3-3d893f5e660c,2229.93994140625,1.8660000562667847,1,Bathyraja spinosissima,species,1,Chordata,Elasmobranchii,Rajiformes,Arhynchobatidae,Bathyraja,2,104,433,230
cc84cea7-1771-4025-8978-c076f26baf5d,1669.56005859375,2.187999963760376,1,Paragorgia arborea,species,1,Cnidaria,Octocorallia,Scleralcyonacea,Coralliidae,Paragorgia,181,56,205,272
63d4b8de-1fa2-47bf-b13e-80ffc114cb7c,2402.4599609375,1.8329999446868896,1,Peniagone,genus,1,Echinodermata,Holothuroidea,Elasipodida,Elpidiidae,Peniagone,176,232,71,100
fd46af03-260d-4b2a-8d54-eea727262429,1442.8399658203125,2.4119999408721924,2,Zoroasteridae,genus,1,Echinodermata,Asteroidea,Forcipulatida,N/A,Zoroaster,204,200,32,29
fd46af03-260d-4b2a-8d54-eea727262429,1442.8399658203125,2.4119999408721924,2,Coryphaenoides,genus,1,Chordata,Teleostei,Gadiformes,Macrouridae,Coryphaenoides,10,235,158,52
e9038dba-e9a1-450f-a565-fde01e5c3504,1536.3399658203125,2.4560000896453857,1,Psychrolutes phrictus,species,1,Chordata,Teleostei,Perciformes,Psychrolutidae,Psychrolutes,329,103,89,39
45f8e621-4357-4a62-b3de-c6bb997d8b88,1521.4599609375,2.3989999294281006,1,Coryphaenoides,genus,1,Chordata,Teleostei,Gadiformes,Macrouridae,Coryphaenoides,333,26,218,128
248a60f7-057e-420a-9078-9a8432a0addb,1561.0,2.2990000247955322,1,Keratoisis,genus,1,Cnidaria,Octocorallia,Scleralcyonacea,Keratoisididae,Keratoisis,399,55,271,167
cd24eab6-4577-4d16-843a-255633d00460,1538.6800537109375,2.4070000648498535,2,Antimora microlepis,species,1,Chordata,Teleostei,Gadiformes,Moridae,Antimora,215,185,26,43
cd24eab6-4577-4d16-843a-255633d00460,1538.6800537109375,2.4070000648498535,2,Coryphaenoides acrolepis,species,1,Chordata,Teleostei,Gadiformes,Macrouridae,Coryphaenoides,33,218,80,32
394e1ee0-6b58-4f75-8842-edddf627a6d9,1712.030029296875,2.128999948501587,1,Peniagone,genus,1,Echinodermata,Holothuroidea,Elasipodida,Elpidiidae,Peniagone,42,163,130,87
758ce344-a780-4dbf-988c-2d63a06b4dc2,2310.68994140625,1.8609999418258667,1,Synallactes,genus,1,Echinodermata,Holothuroidea,Synallactida,Synallactidae,Synallactes,279,324,12,22
73503d24-2ba6-4369-be9f-58b4f447506c,2059.050048828125,1.9859999418258667,1,Bathyraja spinosissima,species,1,Chordata,Elasmobranchii,Rajiformes,Arhynchobatidae,Bathyraja,199,46,520,319
bf3b68a1-2511-42a7-90c1-707a5d76d0cb,2329.330078125,1.8609999418258667,1,Synallactes,genus,1,Echinodermata,Holothuroidea,Synallactida,Synallactidae,Synallactes,413,444,35,39
721c0e83-16ae-41cd-8237-6e0cc92e6b79,1963.3199462890625,2.0309998989105225,1,Euplectellidae,family,1,Porifera,Hexactinellida,Lyssacinosida,Euplectellidae,N/A,398,13,215,189
